
DELIMITER /

UPDATE KRCR_PARM_T SET VAL = 'Y' 
WHERE APPL_ID = 'KC' AND NMSPC_CD = 'KC-AWARD' AND CMPNT_CD = 'Document' AND PARM_NM = 'FIN_SYSTEM_INTEGRATION_ON'
/


INSERT INTO KRIM_ENTITY_ID_S VALUES(NULL)
/
INSERT INTO KRIM_ENTITY_T (ENTITY_ID,ACTV_IND,LAST_UPDT_DT,OBJ_ID,VER_NBR) 
VALUES ((SELECT (MAX(ID)) FROM KRIM_ENTITY_ID_S),'Y',NOW(),UUID(),1)
/

INSERT INTO KRIM_ENTITY_NM_ID_S VALUES(NULL)
/
INSERT INTO KRIM_ENTITY_NM_T (ENTITY_NM_ID,ENTITY_ID,FIRST_NM,LAST_NM,NM_TYP_CD,DFLT_IND,ACTV_IND,LAST_UPDT_DT,OBJ_ID,VER_NBR) 
VALUES ((SELECT (MAX(ID)) FROM KRIM_ENTITY_NM_ID_S),(SELECT (MAX(ID)) FROM KRIM_ENTITY_ID_S),'WILTON','LYKINS','PRFR','Y','Y',NOW(),UUID(),1)
/

INSERT INTO KRIM_ENTITY_ENT_TYP_T (ENTITY_ID,ENT_TYP_CD,ACTV_IND,LAST_UPDT_DT,OBJ_ID,VER_NBR) 
    VALUES ((SELECT ENTITY_ID FROM KRIM_ENTITY_NM_T WHERE FIRST_NM = 'WILTON' AND LAST_NM = 'LYKINS'),'PERSON','Y',NOW(),UUID(),1)
/

INSERT INTO KRIM_PRNCPL_T (PRNCPL_ID,ENTITY_ID,PRNCPL_NM,PRNCPL_PSWD,ACTV_IND,LAST_UPDT_DT,OBJ_ID,VER_NBR) 
    VALUES ('2191506168',(SELECT ENTITY_ID FROM KRIM_ENTITY_NM_T WHERE FIRST_NM = 'WILTON' AND LAST_NM = 'LYKINS'),'wlykins','fK69ATFsAydwQuteang+xMva+Tc=','Y',NOW(),UUID(),1)
/

INSERT INTO KRIM_ENTITY_ADDR_ID_S VALUES(NULL)
/
INSERT INTO KRIM_ENTITY_ADDR_T (ENTITY_ADDR_ID,ENTITY_ID,ENT_TYP_CD,ADDR_TYP_CD,ADDR_LINE_1,CITY,STATE_PVC_CD,POSTAL_CD,POSTAL_CNTRY_CD,DFLT_IND,ACTV_IND,LAST_UPDT_DT,OBJ_ID,VER_NBR) 
VALUES ((SELECT (MAX(ID)) FROM KRIM_ENTITY_ADDR_ID_S),(SELECT ENTITY_ID FROM KRIM_ENTITY_NM_T WHERE FIRST_NM = 'WILTON' AND LAST_NM = 'LYKINS'),'PERSON','WRK','1118 Kuali Drive','Coeus','MA','53421','US','Y','Y',NOW(),UUID(),1)
/

INSERT INTO KRIM_ENTITY_AFLTN_ID_S VALUES(NULL)
/
INSERT INTO KRIM_ENTITY_AFLTN_T (ENTITY_AFLTN_ID,ENTITY_ID,AFLTN_TYP_CD,CAMPUS_CD,DFLT_IND,ACTV_IND,LAST_UPDT_DT,OBJ_ID,VER_NBR)
VALUES ((SELECT (MAX(ID)) FROM KRIM_ENTITY_AFLTN_ID_S),(SELECT ENTITY_ID FROM KRIM_ENTITY_NM_T WHERE FIRST_NM = 'WILTON' AND LAST_NM = 'LYKINS'),'STAFF','UN','Y','Y',NOW(),UUID(),1)
/

INSERT INTO KRIM_ENTITY_EMAIL_ID_S VALUES(NULL)
/

INSERT INTO KRIM_ENTITY_EMAIL_ID_S VALUES(NULL)
/
INSERT INTO KRIM_ENTITY_EMAIL_T (ENTITY_EMAIL_ID,ENTITY_ID,ENT_TYP_CD,EMAIL_TYP_CD,EMAIL_ADDR,DFLT_IND,ACTV_IND,LAST_UPDT_DT,OBJ_ID,VER_NBR) 
VALUES ((SELECT (MAX(ID)) FROM KRIM_ENTITY_EMAIL_ID_S),(SELECT ENTITY_ID FROM KRIM_ENTITY_NM_T WHERE FIRST_NM = 'WILTON' AND LAST_NM = 'LYKINS'),'PERSON','WRK','wlykins@kuali.org','Y','Y',NOW(),UUID(),1)
/

INSERT INTO KRIM_ENTITY_EMP_ID_S VALUES(NULL)
/
INSERT INTO KRIM_ENTITY_EMP_INFO_T (ENTITY_EMP_ID,ENTITY_ID,ENTITY_AFLTN_ID,EMP_REC_ID,EMP_ID,EMP_STAT_CD,EMP_TYP_CD,BASE_SLRY_AMT,PRMRY_DEPT_CD,PRMRY_IND,ACTV_IND,LAST_UPDT_DT,OBJ_ID,VER_NBR) 
VALUES ((SELECT (MAX(ID)) FROM KRIM_ENTITY_EMP_ID_S),(SELECT ENTITY_ID FROM KRIM_ENTITY_NM_T WHERE FIRST_NM = 'WILTON' AND LAST_NM = 'LYKINS'),(SELECT ENTITY_AFLTN_ID FROM KRIM_ENTITY_AFLTN_T WHERE ENTITY_ID = (SELECT ENTITY_ID FROM KRIM_ENTITY_NM_T WHERE FIRST_NM = 'WILTON' AND LAST_NM = 'LYKINS')),'1',(SELECT PRNCPL_NM FROM KRIM_PRNCPL_T WHERE ENTITY_ID = (SELECT ENTITY_ID FROM KRIM_ENTITY_NM_T WHERE FIRST_NM = 'WILTON' AND LAST_NM = 'LYKINS')),'A','P',100000,'000001','Y','Y',NOW(),UUID(),1)
/

INSERT INTO KRIM_ENTITY_PHONE_ID_S VALUES(NULL)
/
INSERT INTO KRIM_ENTITY_PHONE_T (ENTITY_PHONE_ID,ENTITY_ID,ENT_TYP_CD,PHONE_TYP_CD,PHONE_NBR,POSTAL_CNTRY_CD,DFLT_IND,ACTV_IND,LAST_UPDT_DT,OBJ_ID,VER_NBR) 
VALUES ((SELECT (MAX(ID)) FROM KRIM_ENTITY_PHONE_ID_S),(SELECT ENTITY_ID FROM KRIM_ENTITY_NM_T WHERE FIRST_NM = 'WILTON' AND LAST_NM = 'LYKINS'),'PERSON','WRK','321-321-1197','US','Y','Y',NOW(),UUID(),1)
/



INSERT INTO KRIM_ENTITY_ID_S VALUES(NULL)
/
INSERT INTO KRIM_ENTITY_T (ENTITY_ID,ACTV_IND,LAST_UPDT_DT,OBJ_ID,VER_NBR) 
VALUES ((SELECT (MAX(ID)) FROM KRIM_ENTITY_ID_S),'Y',NOW(),UUID(),1)
/

INSERT INTO KRIM_ENTITY_NM_ID_S VALUES(NULL)
/
INSERT INTO KRIM_ENTITY_NM_T (ENTITY_NM_ID,ENTITY_ID,FIRST_NM,LAST_NM,NM_TYP_CD,DFLT_IND,ACTV_IND,LAST_UPDT_DT,OBJ_ID,VER_NBR) 
VALUES ((SELECT (MAX(ID)) FROM KRIM_ENTITY_NM_ID_S),(SELECT (MAX(ID)) FROM KRIM_ENTITY_ID_S),'BILLIE','ISOM','PRFR','Y','Y',NOW(),UUID(),1)
/

INSERT INTO KRIM_ENTITY_ENT_TYP_T (ENTITY_ID,ENT_TYP_CD,ACTV_IND,LAST_UPDT_DT,OBJ_ID,VER_NBR) 
    VALUES ((SELECT ENTITY_ID FROM KRIM_ENTITY_NM_T WHERE FIRST_NM = 'BILLIE' AND LAST_NM = 'ISOM'),'PERSON','Y',NOW(),UUID(),1)
/

INSERT INTO KRIM_PRNCPL_T (PRNCPL_ID,ENTITY_ID,PRNCPL_NM,PRNCPL_PSWD,ACTV_IND,LAST_UPDT_DT,OBJ_ID,VER_NBR) 
    VALUES ('2552202601',(SELECT ENTITY_ID FROM KRIM_ENTITY_NM_T WHERE FIRST_NM = 'BILLIE' AND LAST_NM = 'ISOM'),'bisom','fK69ATFsAydwQuteang+xMva+Tc=','Y',NOW(),UUID(),1)
/

INSERT INTO KRIM_ENTITY_ADDR_ID_S VALUES(NULL)
/
INSERT INTO KRIM_ENTITY_ADDR_T (ENTITY_ADDR_ID,ENTITY_ID,ENT_TYP_CD,ADDR_TYP_CD,ADDR_LINE_1,CITY,STATE_PVC_CD,POSTAL_CD,POSTAL_CNTRY_CD,DFLT_IND,ACTV_IND,LAST_UPDT_DT,OBJ_ID,VER_NBR) 
VALUES ((SELECT (MAX(ID)) FROM KRIM_ENTITY_ADDR_ID_S),(SELECT ENTITY_ID FROM KRIM_ENTITY_NM_T WHERE FIRST_NM = 'BILLIE' AND LAST_NM = 'ISOM'),'PERSON','WRK','1118 Kuali Drive','Coeus','MA','53421','US','Y','Y',NOW(),UUID(),1)
/

INSERT INTO KRIM_ENTITY_AFLTN_ID_S VALUES(NULL)
/
INSERT INTO KRIM_ENTITY_AFLTN_T (ENTITY_AFLTN_ID,ENTITY_ID,AFLTN_TYP_CD,CAMPUS_CD,DFLT_IND,ACTV_IND,LAST_UPDT_DT,OBJ_ID,VER_NBR)
VALUES ((SELECT (MAX(ID)) FROM KRIM_ENTITY_AFLTN_ID_S),(SELECT ENTITY_ID FROM KRIM_ENTITY_NM_T WHERE FIRST_NM = 'BILLIE' AND LAST_NM = 'ISOM'),'STAFF','UN','Y','Y',NOW(),UUID(),1)
/

INSERT INTO KRIM_ENTITY_EMAIL_ID_S VALUES(NULL)
/

INSERT INTO KRIM_ENTITY_EMAIL_ID_S VALUES(NULL)
/
INSERT INTO KRIM_ENTITY_EMAIL_T (ENTITY_EMAIL_ID,ENTITY_ID,ENT_TYP_CD,EMAIL_TYP_CD,EMAIL_ADDR,DFLT_IND,ACTV_IND,LAST_UPDT_DT,OBJ_ID,VER_NBR) 
VALUES ((SELECT (MAX(ID)) FROM KRIM_ENTITY_EMAIL_ID_S),(SELECT ENTITY_ID FROM KRIM_ENTITY_NM_T WHERE FIRST_NM = 'BILLIE' AND LAST_NM = 'ISOM'),'PERSON','WRK','bisom@kuali.org','Y','Y',NOW(),UUID(),1)
/

INSERT INTO KRIM_ENTITY_EMP_ID_S VALUES(NULL)
/
INSERT INTO KRIM_ENTITY_EMP_INFO_T (ENTITY_EMP_ID,ENTITY_ID,ENTITY_AFLTN_ID,EMP_REC_ID,EMP_ID,EMP_STAT_CD,EMP_TYP_CD,BASE_SLRY_AMT,PRMRY_DEPT_CD,PRMRY_IND,ACTV_IND,LAST_UPDT_DT,OBJ_ID,VER_NBR) 
VALUES ((SELECT (MAX(ID)) FROM KRIM_ENTITY_EMP_ID_S),(SELECT ENTITY_ID FROM KRIM_ENTITY_NM_T WHERE FIRST_NM = 'BILLIE' AND LAST_NM = 'ISOM'),(SELECT ENTITY_AFLTN_ID FROM KRIM_ENTITY_AFLTN_T WHERE ENTITY_ID = (SELECT ENTITY_ID FROM KRIM_ENTITY_NM_T WHERE FIRST_NM = 'BILLIE' AND LAST_NM = 'ISOM')),'1',(SELECT PRNCPL_NM FROM KRIM_PRNCPL_T WHERE ENTITY_ID = (SELECT ENTITY_ID FROM KRIM_ENTITY_NM_T WHERE FIRST_NM = 'BILLIE' AND LAST_NM = 'ISOM')),'A','P',100000,'000001','Y','Y',NOW(),UUID(),1)
/

INSERT INTO KRIM_ENTITY_PHONE_ID_S VALUES(NULL)
/
INSERT INTO KRIM_ENTITY_PHONE_T (ENTITY_PHONE_ID,ENTITY_ID,ENT_TYP_CD,PHONE_TYP_CD,PHONE_NBR,POSTAL_CNTRY_CD,DFLT_IND,ACTV_IND,LAST_UPDT_DT,OBJ_ID,VER_NBR) 
VALUES ((SELECT (MAX(ID)) FROM KRIM_ENTITY_PHONE_ID_S),(SELECT ENTITY_ID FROM KRIM_ENTITY_NM_T WHERE FIRST_NM = 'BILLIE' AND LAST_NM = 'ISOM'),'PERSON','WRK','321-321-1197','US','Y','Y',NOW(),UUID(),1)
/






INSERT INTO KRIM_ENTITY_ID_S VALUES(NULL)
/
INSERT INTO KRIM_ENTITY_T (ENTITY_ID,ACTV_IND,LAST_UPDT_DT,OBJ_ID,VER_NBR) 
VALUES ((SELECT (MAX(ID)) FROM KRIM_ENTITY_ID_S),'Y',NOW(),UUID(),1)
/

INSERT INTO KRIM_ENTITY_NM_ID_S VALUES(NULL)
/
INSERT INTO KRIM_ENTITY_NM_T (ENTITY_NM_ID,ENTITY_ID,FIRST_NM,LAST_NM,NM_TYP_CD,DFLT_IND,ACTV_IND,LAST_UPDT_DT,OBJ_ID,VER_NBR) 
VALUES ((SELECT (MAX(ID)) FROM KRIM_ENTITY_NM_ID_S),(SELECT (MAX(ID)) FROM KRIM_ENTITY_ID_S),'FRANCIS','SILER','PRFR','Y','Y',NOW(),UUID(),1)
/

INSERT INTO KRIM_ENTITY_ENT_TYP_T (ENTITY_ID,ENT_TYP_CD,ACTV_IND,LAST_UPDT_DT,OBJ_ID,VER_NBR) 
    VALUES ((SELECT ENTITY_ID FROM KRIM_ENTITY_NM_T WHERE FIRST_NM = 'FRANCIS' AND LAST_NM = 'SILER'),'PERSON','Y',NOW(),UUID(),1)
/

INSERT INTO KRIM_PRNCPL_T (PRNCPL_ID,ENTITY_ID,PRNCPL_NM,PRNCPL_PSWD,ACTV_IND,LAST_UPDT_DT,OBJ_ID,VER_NBR) 
    VALUES ('3012703100',(SELECT ENTITY_ID FROM KRIM_ENTITY_NM_T WHERE FIRST_NM = 'FRANCIS' AND LAST_NM = 'SILER'),'fsiler','fK69ATFsAydwQuteang+xMva+Tc=','Y',NOW(),UUID(),1)
/

INSERT INTO KRIM_ENTITY_ADDR_ID_S VALUES(NULL)
/
INSERT INTO KRIM_ENTITY_ADDR_T (ENTITY_ADDR_ID,ENTITY_ID,ENT_TYP_CD,ADDR_TYP_CD,ADDR_LINE_1,CITY,STATE_PVC_CD,POSTAL_CD,POSTAL_CNTRY_CD,DFLT_IND,ACTV_IND,LAST_UPDT_DT,OBJ_ID,VER_NBR) 
VALUES ((SELECT (MAX(ID)) FROM KRIM_ENTITY_ADDR_ID_S),(SELECT ENTITY_ID FROM KRIM_ENTITY_NM_T WHERE FIRST_NM = 'FRANCIS' AND LAST_NM = 'SILER'),'PERSON','WRK','1118 Kuali Drive','Coeus','MA','53421','US','Y','Y',NOW(),UUID(),1)
/

INSERT INTO KRIM_ENTITY_AFLTN_ID_S VALUES(NULL)
/
INSERT INTO KRIM_ENTITY_AFLTN_T (ENTITY_AFLTN_ID,ENTITY_ID,AFLTN_TYP_CD,CAMPUS_CD,DFLT_IND,ACTV_IND,LAST_UPDT_DT,OBJ_ID,VER_NBR)
VALUES ((SELECT (MAX(ID)) FROM KRIM_ENTITY_AFLTN_ID_S),(SELECT ENTITY_ID FROM KRIM_ENTITY_NM_T WHERE FIRST_NM = 'FRANCIS' AND LAST_NM = 'SILER'),'STAFF','UN','Y','Y',NOW(),UUID(),1)
/

INSERT INTO KRIM_ENTITY_EMAIL_ID_S VALUES(NULL)
/

INSERT INTO KRIM_ENTITY_EMAIL_ID_S VALUES(NULL)
/
INSERT INTO KRIM_ENTITY_EMAIL_T (ENTITY_EMAIL_ID,ENTITY_ID,ENT_TYP_CD,EMAIL_TYP_CD,EMAIL_ADDR,DFLT_IND,ACTV_IND,LAST_UPDT_DT,OBJ_ID,VER_NBR) 
VALUES ((SELECT (MAX(ID)) FROM KRIM_ENTITY_EMAIL_ID_S),(SELECT ENTITY_ID FROM KRIM_ENTITY_NM_T WHERE FIRST_NM = 'FRANCIS' AND LAST_NM = 'SILER'),'PERSON','WRK','fsiler@kuali.org','Y','Y',NOW(),UUID(),1)
/

INSERT INTO KRIM_ENTITY_EMP_ID_S VALUES(NULL)
/
INSERT INTO KRIM_ENTITY_EMP_INFO_T (ENTITY_EMP_ID,ENTITY_ID,ENTITY_AFLTN_ID,EMP_REC_ID,EMP_ID,EMP_STAT_CD,EMP_TYP_CD,BASE_SLRY_AMT,PRMRY_DEPT_CD,PRMRY_IND,ACTV_IND,LAST_UPDT_DT,OBJ_ID,VER_NBR) 
VALUES ((SELECT (MAX(ID)) FROM KRIM_ENTITY_EMP_ID_S),(SELECT ENTITY_ID FROM KRIM_ENTITY_NM_T WHERE FIRST_NM = 'FRANCIS' AND LAST_NM = 'SILER'),(SELECT ENTITY_AFLTN_ID FROM KRIM_ENTITY_AFLTN_T WHERE ENTITY_ID = (SELECT ENTITY_ID FROM KRIM_ENTITY_NM_T WHERE FIRST_NM = 'FRANCIS' AND LAST_NM = 'SILER')),'1',(SELECT PRNCPL_NM FROM KRIM_PRNCPL_T WHERE ENTITY_ID = (SELECT ENTITY_ID FROM KRIM_ENTITY_NM_T WHERE FIRST_NM = 'FRANCIS' AND LAST_NM = 'SILER')),'A','P',100000,'000001','Y','Y',NOW(),UUID(),1)
/

INSERT INTO KRIM_ENTITY_PHONE_ID_S VALUES(NULL)
/
INSERT INTO KRIM_ENTITY_PHONE_T (ENTITY_PHONE_ID,ENTITY_ID,ENT_TYP_CD,PHONE_TYP_CD,PHONE_NBR,POSTAL_CNTRY_CD,DFLT_IND,ACTV_IND,LAST_UPDT_DT,OBJ_ID,VER_NBR) 
VALUES ((SELECT (MAX(ID)) FROM KRIM_ENTITY_PHONE_ID_S),(SELECT ENTITY_ID FROM KRIM_ENTITY_NM_T WHERE FIRST_NM = 'FRANCIS' AND LAST_NM = 'SILER'),'PERSON','WRK','321-321-1197','US','Y','Y',NOW(),UUID(),1)
/

INSERT INTO KRIM_ENTITY_ID_S VALUES(NULL)
/
INSERT INTO KRIM_ENTITY_T (ENTITY_ID,ACTV_IND,LAST_UPDT_DT,OBJ_ID,VER_NBR) 
VALUES ((SELECT (MAX(ID)) FROM KRIM_ENTITY_ID_S),'Y',NOW(),UUID(),1)
/

INSERT INTO KRIM_ENTITY_NM_ID_S VALUES(NULL)
/
INSERT INTO KRIM_ENTITY_NM_T (ENTITY_NM_ID,ENTITY_ID,FIRST_NM,LAST_NM, MIDDLE_NM, NM_TYP_CD,DFLT_IND,ACTV_IND,LAST_UPDT_DT,OBJ_ID,VER_NBR) 
VALUES ((SELECT (MAX(ID)) FROM KRIM_ENTITY_NM_ID_S),(SELECT (MAX(ID)) FROM KRIM_ENTITY_ID_S),'WILLARD','JOHNSTON','X','PRFR','Y','Y',NOW(),UUID(),1)
/

INSERT INTO KRIM_ENTITY_ENT_TYP_T (ENTITY_ID,ENT_TYP_CD,ACTV_IND,LAST_UPDT_DT,OBJ_ID,VER_NBR) 
    VALUES ((SELECT ENTITY_ID FROM KRIM_ENTITY_NM_T WHERE FIRST_NM = 'WILLARD' AND LAST_NM = 'JOHNSTON'),'PERSON','Y',NOW(),UUID(),1)
/

INSERT INTO KRIM_PRNCPL_T (PRNCPL_ID,ENTITY_ID,PRNCPL_NM,PRNCPL_PSWD,ACTV_IND,LAST_UPDT_DT,OBJ_ID,VER_NBR) 
    VALUES ('3428005487',(SELECT ENTITY_ID FROM KRIM_ENTITY_NM_T WHERE FIRST_NM = 'WILLARD' AND LAST_NM = 'JOHNSTON'),'wjohnston','fK69ATFsAydwQuteang+xMva+Tc=','Y',NOW(),UUID(),1)
/

INSERT INTO KRIM_ENTITY_ADDR_ID_S VALUES(NULL)
/
INSERT INTO KRIM_ENTITY_ADDR_T (ENTITY_ADDR_ID,ENTITY_ID,ENT_TYP_CD,ADDR_TYP_CD,ADDR_LINE_1,CITY,STATE_PVC_CD,POSTAL_CD,POSTAL_CNTRY_CD,DFLT_IND,ACTV_IND,LAST_UPDT_DT,OBJ_ID,VER_NBR) 
VALUES ((SELECT (MAX(ID)) FROM KRIM_ENTITY_ADDR_ID_S),(SELECT ENTITY_ID FROM KRIM_ENTITY_NM_T WHERE FIRST_NM = 'WILLARD' AND LAST_NM = 'JOHNSTON'),'PERSON','WRK','2010 Research Drive','Fort Collins','CO','80623','US','Y','Y',NOW(),UUID(),1)
/

INSERT INTO KRIM_ENTITY_AFLTN_ID_S VALUES(NULL)
/
INSERT INTO KRIM_ENTITY_AFLTN_T (ENTITY_AFLTN_ID,ENTITY_ID,AFLTN_TYP_CD,CAMPUS_CD,DFLT_IND,ACTV_IND,LAST_UPDT_DT,OBJ_ID,VER_NBR)
VALUES ((SELECT (MAX(ID)) FROM KRIM_ENTITY_AFLTN_ID_S),(SELECT ENTITY_ID FROM KRIM_ENTITY_NM_T WHERE FIRST_NM = 'WILLARD' AND LAST_NM = 'JOHNSTON'),'STAFF','UN','Y','Y',NOW(),UUID(),1)
/

INSERT INTO KRIM_ENTITY_EMAIL_ID_S VALUES(NULL)
/

INSERT INTO KRIM_ENTITY_EMAIL_ID_S VALUES(NULL)
/
INSERT INTO KRIM_ENTITY_EMAIL_T (ENTITY_EMAIL_ID,ENTITY_ID,ENT_TYP_CD,EMAIL_TYP_CD,EMAIL_ADDR,DFLT_IND,ACTV_IND,LAST_UPDT_DT,OBJ_ID,VER_NBR) 
VALUES ((SELECT (MAX(ID)) FROM KRIM_ENTITY_EMAIL_ID_S),(SELECT ENTITY_ID FROM KRIM_ENTITY_NM_T WHERE FIRST_NM = 'WILLARD' AND LAST_NM = 'JOHNSTON'),'PERSON','WRK','wjohnston@kuali.org','Y','Y',NOW(),UUID(),1)
/

INSERT INTO KRIM_ENTITY_EMP_ID_S VALUES(NULL)
/
INSERT INTO KRIM_ENTITY_EMP_INFO_T (ENTITY_EMP_ID,ENTITY_ID,ENTITY_AFLTN_ID,EMP_REC_ID,EMP_ID,EMP_STAT_CD,EMP_TYP_CD,BASE_SLRY_AMT,PRMRY_DEPT_CD,PRMRY_IND,ACTV_IND,LAST_UPDT_DT,OBJ_ID,VER_NBR) 
VALUES ((SELECT (MAX(ID)) FROM KRIM_ENTITY_EMP_ID_S),(SELECT ENTITY_ID FROM KRIM_ENTITY_NM_T WHERE FIRST_NM = 'WILLARD' AND LAST_NM = 'JOHNSTON'),(SELECT ENTITY_AFLTN_ID FROM KRIM_ENTITY_AFLTN_T WHERE ENTITY_ID = (SELECT ENTITY_ID FROM KRIM_ENTITY_NM_T WHERE FIRST_NM = 'WILLARD' AND LAST_NM = 'JOHNSTON')),'1',(SELECT PRNCPL_NM FROM KRIM_PRNCPL_T WHERE ENTITY_ID = (SELECT ENTITY_ID FROM KRIM_ENTITY_NM_T WHERE FIRST_NM = 'WILLARD' AND LAST_NM = 'JOHNSTON')),'A','P',100000,'000001','Y','Y',NOW(),UUID(),1)
/

INSERT INTO KRIM_ENTITY_PHONE_ID_S VALUES(NULL)
/
INSERT INTO KRIM_ENTITY_PHONE_T (ENTITY_PHONE_ID,ENTITY_ID,ENT_TYP_CD,PHONE_TYP_CD,PHONE_NBR,POSTAL_CNTRY_CD,DFLT_IND,ACTV_IND,LAST_UPDT_DT,OBJ_ID,VER_NBR) 
VALUES ((SELECT (MAX(ID)) FROM KRIM_ENTITY_PHONE_ID_S),(SELECT ENTITY_ID FROM KRIM_ENTITY_NM_T WHERE FIRST_NM = 'WILLARD' AND LAST_NM = 'JOHNSTON'),'PERSON','WRK','303-321-1197','US','Y','Y',NOW(),UUID(),1)
/


INSERT INTO KRIM_ENTITY_ID_S VALUES(NULL)
/
INSERT INTO KRIM_ENTITY_T (ENTITY_ID,ACTV_IND,LAST_UPDT_DT,OBJ_ID,VER_NBR) 
VALUES ((SELECT (MAX(ID)) FROM KRIM_ENTITY_ID_S),'Y',NOW(),UUID(),1)
/

INSERT INTO KRIM_ENTITY_NM_ID_S VALUES(NULL)
/
INSERT INTO KRIM_ENTITY_NM_T (ENTITY_NM_ID,ENTITY_ID,FIRST_NM,LAST_NM, MIDDLE_NM, NM_TYP_CD,DFLT_IND,ACTV_IND,LAST_UPDT_DT,OBJ_ID,VER_NBR) 
VALUES ((SELECT (MAX(ID)) FROM KRIM_ENTITY_NM_ID_S),(SELECT (MAX(ID)) FROM KRIM_ENTITY_ID_S),'ELMER','ARMENDARIZ','H','PRFR','Y','Y',NOW(),UUID(),1)
/

INSERT INTO KRIM_ENTITY_ENT_TYP_T (ENTITY_ID,ENT_TYP_CD,ACTV_IND,LAST_UPDT_DT,OBJ_ID,VER_NBR) 
    VALUES ((SELECT ENTITY_ID FROM KRIM_ENTITY_NM_T WHERE FIRST_NM = 'ELMER' AND LAST_NM = 'ARMENDARIZ'),'PERSON','Y',NOW(),UUID(),1)
/

INSERT INTO KRIM_PRNCPL_T (PRNCPL_ID,ENTITY_ID,PRNCPL_NM,PRNCPL_PSWD,ACTV_IND,LAST_UPDT_DT,OBJ_ID,VER_NBR) 
    VALUES ('1821805071',(SELECT ENTITY_ID FROM KRIM_ENTITY_NM_T WHERE FIRST_NM = 'ELMER' AND LAST_NM = 'ARMENDARIZ'),'earmendariz','fK69ATFsAydwQuteang+xMva+Tc=','Y',NOW(),UUID(),1)
/

INSERT INTO KRIM_ENTITY_ADDR_ID_S VALUES(NULL)
/
INSERT INTO KRIM_ENTITY_ADDR_T (ENTITY_ADDR_ID,ENTITY_ID,ENT_TYP_CD,ADDR_TYP_CD,ADDR_LINE_1,CITY,STATE_PVC_CD,POSTAL_CD,POSTAL_CNTRY_CD,DFLT_IND,ACTV_IND,LAST_UPDT_DT,OBJ_ID,VER_NBR) 
VALUES ((SELECT (MAX(ID)) FROM KRIM_ENTITY_ADDR_ID_S),(SELECT ENTITY_ID FROM KRIM_ENTITY_NM_T WHERE FIRST_NM = 'ELMER' AND LAST_NM = 'ARMENDARIZ'),'PERSON','WRK','2010 Research Drive','Fort Collins','CO','80523','US','Y','Y',NOW(),UUID(),1)
/

INSERT INTO KRIM_ENTITY_AFLTN_ID_S VALUES(NULL)
/
INSERT INTO KRIM_ENTITY_AFLTN_T (ENTITY_AFLTN_ID,ENTITY_ID,AFLTN_TYP_CD,CAMPUS_CD,DFLT_IND,ACTV_IND,LAST_UPDT_DT,OBJ_ID,VER_NBR)
VALUES ((SELECT (MAX(ID)) FROM KRIM_ENTITY_AFLTN_ID_S),(SELECT ENTITY_ID FROM KRIM_ENTITY_NM_T WHERE FIRST_NM = 'ELMER' AND LAST_NM = 'ARMENDARIZ'),'STAFF','UN','Y','Y',NOW(),UUID(),1)
/

INSERT INTO KRIM_ENTITY_EMAIL_ID_S VALUES(NULL)
/

INSERT INTO KRIM_ENTITY_EMAIL_ID_S VALUES(NULL)
/
INSERT INTO KRIM_ENTITY_EMAIL_T (ENTITY_EMAIL_ID,ENTITY_ID,ENT_TYP_CD,EMAIL_TYP_CD,EMAIL_ADDR,DFLT_IND,ACTV_IND,LAST_UPDT_DT,OBJ_ID,VER_NBR) 
VALUES ((SELECT (MAX(ID)) FROM KRIM_ENTITY_EMAIL_ID_S),(SELECT ENTITY_ID FROM KRIM_ENTITY_NM_T WHERE FIRST_NM = 'ELMER' AND LAST_NM = 'ARMENDARIZ'),'PERSON','WRK','EARMENDARIZ@kuali.org','Y','Y',NOW(),UUID(),1)
/

INSERT INTO KRIM_ENTITY_EMP_ID_S VALUES(NULL)
/
INSERT INTO KRIM_ENTITY_EMP_INFO_T (ENTITY_EMP_ID,ENTITY_ID,ENTITY_AFLTN_ID,EMP_REC_ID,EMP_ID,EMP_STAT_CD,EMP_TYP_CD,BASE_SLRY_AMT,PRMRY_DEPT_CD,PRMRY_IND,ACTV_IND,LAST_UPDT_DT,OBJ_ID,VER_NBR) 
VALUES ((SELECT (MAX(ID)) FROM KRIM_ENTITY_EMP_ID_S),(SELECT ENTITY_ID FROM KRIM_ENTITY_NM_T WHERE FIRST_NM = 'ELMER' AND LAST_NM = 'ARMENDARIZ'),(SELECT ENTITY_AFLTN_ID FROM KRIM_ENTITY_AFLTN_T WHERE ENTITY_ID = (SELECT ENTITY_ID FROM KRIM_ENTITY_NM_T WHERE FIRST_NM = 'ELMER' AND LAST_NM = 'ARMENDARIZ')),'1',(SELECT PRNCPL_NM FROM KRIM_PRNCPL_T WHERE ENTITY_ID = (SELECT ENTITY_ID FROM KRIM_ENTITY_NM_T WHERE FIRST_NM = 'ELMER' AND LAST_NM = 'ARMENDARIZ')),'A','P',100000,'000001','Y','Y',NOW(),UUID(),1)
/

INSERT INTO KRIM_ENTITY_PHONE_ID_S VALUES(NULL)
/
INSERT INTO KRIM_ENTITY_PHONE_T (ENTITY_PHONE_ID,ENTITY_ID,ENT_TYP_CD,PHONE_TYP_CD,PHONE_NBR,POSTAL_CNTRY_CD,DFLT_IND,ACTV_IND,LAST_UPDT_DT,OBJ_ID,VER_NBR) 
VALUES ((SELECT (MAX(ID)) FROM KRIM_ENTITY_PHONE_ID_S),(SELECT ENTITY_ID FROM KRIM_ENTITY_NM_T WHERE FIRST_NM = 'ELMER' AND LAST_NM = 'ARMENDARIZ'),'PERSON','WRK','321-321-1197','US','Y','Y',NOW(),UUID(),1)
/

INSERT INTO KRIM_ENTITY_ID_S VALUES(NULL)
/
INSERT INTO KRIM_ENTITY_T (ENTITY_ID,ACTV_IND,LAST_UPDT_DT,OBJ_ID,VER_NBR) 
VALUES ((SELECT (MAX(ID)) FROM KRIM_ENTITY_ID_S),'Y',NOW(),UUID(),1)
/

INSERT INTO KRIM_ENTITY_NM_ID_S VALUES(NULL)
/
INSERT INTO KRIM_ENTITY_NM_T (ENTITY_NM_ID,ENTITY_ID,FIRST_NM,LAST_NM, MIDDLE_NM, NM_TYP_CD,DFLT_IND,ACTV_IND,LAST_UPDT_DT,OBJ_ID,VER_NBR) 
VALUES ((SELECT (MAX(ID)) FROM KRIM_ENTITY_NM_ID_S),(SELECT (MAX(ID)) FROM KRIM_ENTITY_ID_S),'MARTIN','HAGOOD','C','PRFR','Y','Y',NOW(),UUID(),1)
/

INSERT INTO KRIM_ENTITY_ENT_TYP_T (ENTITY_ID,ENT_TYP_CD,ACTV_IND,LAST_UPDT_DT,OBJ_ID,VER_NBR) 
    VALUES ((SELECT ENTITY_ID FROM KRIM_ENTITY_NM_T WHERE FIRST_NM = 'MARTIN' AND LAST_NM = 'HAGOOD'),'PERSON','Y',NOW(),UUID(),1)
/

INSERT INTO KRIM_PRNCPL_T (PRNCPL_ID,ENTITY_ID,PRNCPL_NM,PRNCPL_PSWD,ACTV_IND,LAST_UPDT_DT,OBJ_ID,VER_NBR) 
    VALUES ('1308508136',(SELECT ENTITY_ID FROM KRIM_ENTITY_NM_T WHERE FIRST_NM = 'MARTIN' AND LAST_NM = 'HAGOOD'),'mhagood','fK69ATFsAydwQuteang+xMva+Tc=','Y',NOW(),UUID(),1)
/

INSERT INTO KRIM_ENTITY_ADDR_ID_S VALUES(NULL)
/
INSERT INTO KRIM_ENTITY_ADDR_T (ENTITY_ADDR_ID,ENTITY_ID,ENT_TYP_CD,ADDR_TYP_CD,ADDR_LINE_1,CITY,STATE_PVC_CD,POSTAL_CD,POSTAL_CNTRY_CD,DFLT_IND,ACTV_IND,LAST_UPDT_DT,OBJ_ID,VER_NBR) 
VALUES ((SELECT (MAX(ID)) FROM KRIM_ENTITY_ADDR_ID_S),(SELECT ENTITY_ID FROM KRIM_ENTITY_NM_T WHERE FIRST_NM = 'MARTIN' AND LAST_NM = 'HAGOOD'),'PERSON','WRK','2010 Research Drive','Fort Collins','CO','80523','US','Y','Y',NOW(),UUID(),1)
/

INSERT INTO KRIM_ENTITY_AFLTN_ID_S VALUES(NULL)
/
INSERT INTO KRIM_ENTITY_AFLTN_T (ENTITY_AFLTN_ID,ENTITY_ID,AFLTN_TYP_CD,CAMPUS_CD,DFLT_IND,ACTV_IND,LAST_UPDT_DT,OBJ_ID,VER_NBR)
VALUES ((SELECT (MAX(ID)) FROM KRIM_ENTITY_AFLTN_ID_S),(SELECT ENTITY_ID FROM KRIM_ENTITY_NM_T WHERE FIRST_NM = 'MARTIN' AND LAST_NM = 'HAGOOD'),'STAFF','UN','Y','Y',NOW(),UUID(),1)
/

INSERT INTO KRIM_ENTITY_EMAIL_ID_S VALUES(NULL)
/

INSERT INTO KRIM_ENTITY_EMAIL_ID_S VALUES(NULL)
/
INSERT INTO KRIM_ENTITY_EMAIL_T (ENTITY_EMAIL_ID,ENTITY_ID,ENT_TYP_CD,EMAIL_TYP_CD,EMAIL_ADDR,DFLT_IND,ACTV_IND,LAST_UPDT_DT,OBJ_ID,VER_NBR) 
VALUES ((SELECT (MAX(ID)) FROM KRIM_ENTITY_EMAIL_ID_S),(SELECT ENTITY_ID FROM KRIM_ENTITY_NM_T WHERE FIRST_NM = 'MARTIN' AND LAST_NM = 'HAGOOD'),'PERSON','WRK','mhagood@kuali.org','Y','Y',NOW(),UUID(),1)
/

INSERT INTO KRIM_ENTITY_EMP_ID_S VALUES(NULL)
/
INSERT INTO KRIM_ENTITY_EMP_INFO_T (ENTITY_EMP_ID,ENTITY_ID,ENTITY_AFLTN_ID,EMP_REC_ID,EMP_ID,EMP_STAT_CD,EMP_TYP_CD,BASE_SLRY_AMT,PRMRY_DEPT_CD,PRMRY_IND,ACTV_IND,LAST_UPDT_DT,OBJ_ID,VER_NBR) 
VALUES ((SELECT (MAX(ID)) FROM KRIM_ENTITY_EMP_ID_S),(SELECT ENTITY_ID FROM KRIM_ENTITY_NM_T WHERE FIRST_NM = 'MARTIN' AND LAST_NM = 'HAGOOD'),(SELECT ENTITY_AFLTN_ID FROM KRIM_ENTITY_AFLTN_T WHERE ENTITY_ID = (SELECT ENTITY_ID FROM KRIM_ENTITY_NM_T WHERE FIRST_NM = 'MARTIN' AND LAST_NM = 'HAGOOD')),'1',(SELECT PRNCPL_NM FROM KRIM_PRNCPL_T WHERE ENTITY_ID = (SELECT ENTITY_ID FROM KRIM_ENTITY_NM_T WHERE FIRST_NM = 'MARTIN' AND LAST_NM = 'HAGOOD')),'A','P',100000,'000001','Y','Y',NOW(),UUID(),1)
/

INSERT INTO KRIM_ENTITY_PHONE_ID_S VALUES(NULL)
/
INSERT INTO KRIM_ENTITY_PHONE_T (ENTITY_PHONE_ID,ENTITY_ID,ENT_TYP_CD,PHONE_TYP_CD,PHONE_NBR,POSTAL_CNTRY_CD,DFLT_IND,ACTV_IND,LAST_UPDT_DT,OBJ_ID,VER_NBR) 
VALUES ((SELECT (MAX(ID)) FROM KRIM_ENTITY_PHONE_ID_S),(SELECT ENTITY_ID FROM KRIM_ENTITY_NM_T WHERE FIRST_NM = 'MARTIN' AND LAST_NM = 'HAGOOD'),'PERSON','WRK','970-321-1197','US','Y','Y',NOW(),UUID(),1)
/

INSERT INTO KRIM_ENTITY_ID_S VALUES(NULL)
/
INSERT INTO KRIM_ENTITY_T (ENTITY_ID,ACTV_IND,LAST_UPDT_DT,OBJ_ID,VER_NBR) 
VALUES ((SELECT (MAX(ID)) FROM KRIM_ENTITY_ID_S),'Y',NOW(),UUID(),1)
/

INSERT INTO KRIM_ENTITY_NM_ID_S VALUES(NULL)
/
INSERT INTO KRIM_ENTITY_NM_T (ENTITY_NM_ID,ENTITY_ID,FIRST_NM,LAST_NM, MIDDLE_NM, NM_TYP_CD,DFLT_IND,ACTV_IND,LAST_UPDT_DT,OBJ_ID,VER_NBR) 
VALUES ((SELECT (MAX(ID)) FROM KRIM_ENTITY_NM_ID_S),(SELECT (MAX(ID)) FROM KRIM_ENTITY_ID_S),'ELNORA','MARBLE','O','PRFR','Y','Y',NOW(),UUID(),1)
/

INSERT INTO KRIM_ENTITY_ENT_TYP_T (ENTITY_ID,ENT_TYP_CD,ACTV_IND,LAST_UPDT_DT,OBJ_ID,VER_NBR) 
    VALUES ((SELECT ENTITY_ID FROM KRIM_ENTITY_NM_T WHERE FIRST_NM = 'ELNORA' AND LAST_NM = 'MARBLE'),'PERSON','Y',NOW(),UUID(),1)
/

INSERT INTO KRIM_PRNCPL_T (PRNCPL_ID,ENTITY_ID,PRNCPL_NM,PRNCPL_PSWD,ACTV_IND,LAST_UPDT_DT,OBJ_ID,VER_NBR) 
    VALUES ('5175504470',(SELECT ENTITY_ID FROM KRIM_ENTITY_NM_T WHERE FIRST_NM = 'ELNORA' AND LAST_NM = 'MARBLE'),'emarble','fK69ATFsAydwQuteang+xMva+Tc=','Y',NOW(),UUID(),1)
/

INSERT INTO KRIM_ENTITY_ADDR_ID_S VALUES(NULL)
/
INSERT INTO KRIM_ENTITY_ADDR_T (ENTITY_ADDR_ID,ENTITY_ID,ENT_TYP_CD,ADDR_TYP_CD,ADDR_LINE_1,CITY,STATE_PVC_CD,POSTAL_CD,POSTAL_CNTRY_CD,DFLT_IND,ACTV_IND,LAST_UPDT_DT,OBJ_ID,VER_NBR) 
VALUES ((SELECT (MAX(ID)) FROM KRIM_ENTITY_ADDR_ID_S),(SELECT ENTITY_ID FROM KRIM_ENTITY_NM_T WHERE FIRST_NM = 'ELNORA' AND LAST_NM = 'MARBLE'),'PERSON','WRK','2010 Research Drive','Fort Collins','CO','80523','US','Y','Y',NOW(),UUID(),1)
/

INSERT INTO KRIM_ENTITY_AFLTN_ID_S VALUES(NULL)
/
INSERT INTO KRIM_ENTITY_AFLTN_T (ENTITY_AFLTN_ID,ENTITY_ID,AFLTN_TYP_CD,CAMPUS_CD,DFLT_IND,ACTV_IND,LAST_UPDT_DT,OBJ_ID,VER_NBR)
VALUES ((SELECT (MAX(ID)) FROM KRIM_ENTITY_AFLTN_ID_S),(SELECT ENTITY_ID FROM KRIM_ENTITY_NM_T WHERE FIRST_NM = 'ELNORA' AND LAST_NM = 'MARBLE'),'STAFF','UN','Y','Y',NOW(),UUID(),1)
/

INSERT INTO KRIM_ENTITY_EMAIL_ID_S VALUES(NULL)
/

INSERT INTO KRIM_ENTITY_EMAIL_ID_S VALUES(NULL)
/
INSERT INTO KRIM_ENTITY_EMAIL_T (ENTITY_EMAIL_ID,ENTITY_ID,ENT_TYP_CD,EMAIL_TYP_CD,EMAIL_ADDR,DFLT_IND,ACTV_IND,LAST_UPDT_DT,OBJ_ID,VER_NBR) 
VALUES ((SELECT (MAX(ID)) FROM KRIM_ENTITY_EMAIL_ID_S),(SELECT ENTITY_ID FROM KRIM_ENTITY_NM_T WHERE FIRST_NM = 'ELNORA' AND LAST_NM = 'MARBLE'),'PERSON','WRK','emarble@kuali.org','Y','Y',NOW(),UUID(),1)
/

INSERT INTO KRIM_ENTITY_EMP_ID_S VALUES(NULL)
/
INSERT INTO KRIM_ENTITY_EMP_INFO_T (ENTITY_EMP_ID,ENTITY_ID,ENTITY_AFLTN_ID,EMP_REC_ID,EMP_ID,EMP_STAT_CD,EMP_TYP_CD,BASE_SLRY_AMT,PRMRY_DEPT_CD,PRMRY_IND,ACTV_IND,LAST_UPDT_DT,OBJ_ID,VER_NBR) 
VALUES ((SELECT (MAX(ID)) FROM KRIM_ENTITY_EMP_ID_S),(SELECT ENTITY_ID FROM KRIM_ENTITY_NM_T WHERE FIRST_NM = 'ELNORA' AND LAST_NM = 'MARBLE'),(SELECT ENTITY_AFLTN_ID FROM KRIM_ENTITY_AFLTN_T WHERE ENTITY_ID = (SELECT ENTITY_ID FROM KRIM_ENTITY_NM_T WHERE FIRST_NM = 'ELNORA' AND LAST_NM = 'MARBLE')),'1',(SELECT PRNCPL_NM FROM KRIM_PRNCPL_T WHERE ENTITY_ID = (SELECT ENTITY_ID FROM KRIM_ENTITY_NM_T WHERE FIRST_NM = 'ELNORA' AND LAST_NM = 'MARBLE')),'A','P',100000,'000001','Y','Y',NOW(),UUID(),1)
/

INSERT INTO KRIM_ENTITY_PHONE_ID_S VALUES(NULL)
/
INSERT INTO KRIM_ENTITY_PHONE_T (ENTITY_PHONE_ID,ENTITY_ID,ENT_TYP_CD,PHONE_TYP_CD,PHONE_NBR,POSTAL_CNTRY_CD,DFLT_IND,ACTV_IND,LAST_UPDT_DT,OBJ_ID,VER_NBR) 
VALUES ((SELECT (MAX(ID)) FROM KRIM_ENTITY_PHONE_ID_S),(SELECT ENTITY_ID FROM KRIM_ENTITY_NM_T WHERE FIRST_NM = 'ELNORA' AND LAST_NM = 'MARBLE'),'PERSON','WRK','970-321-1197','US','Y','Y',NOW(),UUID(),1)
/


INSERT INTO KRIM_ENTITY_ID_S VALUES(NULL)
/
INSERT INTO KRIM_ENTITY_T (ENTITY_ID,ACTV_IND,LAST_UPDT_DT,OBJ_ID,VER_NBR) 
VALUES ((SELECT (MAX(ID)) FROM KRIM_ENTITY_ID_S),'Y',NOW(),UUID(),1)
/

INSERT INTO KRIM_ENTITY_NM_ID_S VALUES(NULL)
/
INSERT INTO KRIM_ENTITY_NM_T (ENTITY_NM_ID,ENTITY_ID,FIRST_NM,LAST_NM, MIDDLE_NM, NM_TYP_CD,DFLT_IND,ACTV_IND,LAST_UPDT_DT,OBJ_ID,VER_NBR) 
VALUES ((SELECT (MAX(ID)) FROM KRIM_ENTITY_NM_ID_S),(SELECT (MAX(ID)) FROM KRIM_ENTITY_ID_S),'DALE','DISNEY','B','PRFR','Y','Y',NOW(),UUID(),1)
/

INSERT INTO KRIM_ENTITY_ENT_TYP_T (ENTITY_ID,ENT_TYP_CD,ACTV_IND,LAST_UPDT_DT,OBJ_ID,VER_NBR) 
    VALUES ((SELECT ENTITY_ID FROM KRIM_ENTITY_NM_T WHERE FIRST_NM = 'DALE' AND LAST_NM = 'DISNEY'),'PERSON','Y',NOW(),UUID(),1)
/

INSERT INTO KRIM_PRNCPL_T (PRNCPL_ID,ENTITY_ID,PRNCPL_NM,PRNCPL_PSWD,ACTV_IND,LAST_UPDT_DT,OBJ_ID,VER_NBR) 
    VALUES ('1210908400',(SELECT ENTITY_ID FROM KRIM_ENTITY_NM_T WHERE FIRST_NM = 'DALE' AND LAST_NM = 'DISNEY'),'ddisney','fK69ATFsAydwQuteang+xMva+Tc=','Y',NOW(),UUID(),1)
/

INSERT INTO KRIM_ENTITY_ADDR_ID_S VALUES(NULL)
/
INSERT INTO KRIM_ENTITY_ADDR_T (ENTITY_ADDR_ID,ENTITY_ID,ENT_TYP_CD,ADDR_TYP_CD,ADDR_LINE_1,CITY,STATE_PVC_CD,POSTAL_CD,POSTAL_CNTRY_CD,DFLT_IND,ACTV_IND,LAST_UPDT_DT,OBJ_ID,VER_NBR) 
VALUES ((SELECT (MAX(ID)) FROM KRIM_ENTITY_ADDR_ID_S),(SELECT ENTITY_ID FROM KRIM_ENTITY_NM_T WHERE FIRST_NM = 'DALE' AND LAST_NM = 'DISNEY'),'PERSON','WRK','2010 Research Drive','Fort Collins','CO','80523','US','Y','Y',NOW(),UUID(),1)
/

INSERT INTO KRIM_ENTITY_AFLTN_ID_S VALUES(NULL)
/
INSERT INTO KRIM_ENTITY_AFLTN_T (ENTITY_AFLTN_ID,ENTITY_ID,AFLTN_TYP_CD,CAMPUS_CD,DFLT_IND,ACTV_IND,LAST_UPDT_DT,OBJ_ID,VER_NBR)
VALUES ((SELECT (MAX(ID)) FROM KRIM_ENTITY_AFLTN_ID_S),(SELECT ENTITY_ID FROM KRIM_ENTITY_NM_T WHERE FIRST_NM = 'DALE' AND LAST_NM = 'DISNEY'),'STAFF','UN','Y','Y',NOW(),UUID(),1)
/

INSERT INTO KRIM_ENTITY_EMAIL_ID_S VALUES(NULL)
/

INSERT INTO KRIM_ENTITY_EMAIL_ID_S VALUES(NULL)
/
INSERT INTO KRIM_ENTITY_EMAIL_T (ENTITY_EMAIL_ID,ENTITY_ID,ENT_TYP_CD,EMAIL_TYP_CD,EMAIL_ADDR,DFLT_IND,ACTV_IND,LAST_UPDT_DT,OBJ_ID,VER_NBR) 
VALUES ((SELECT (MAX(ID)) FROM KRIM_ENTITY_EMAIL_ID_S),(SELECT ENTITY_ID FROM KRIM_ENTITY_NM_T WHERE FIRST_NM = 'DALE' AND LAST_NM = 'DISNEY'),'PERSON','WRK','ddisney@kuali.org','Y','Y',NOW(),UUID(),1)
/

INSERT INTO KRIM_ENTITY_EMP_ID_S VALUES(NULL)
/
INSERT INTO KRIM_ENTITY_EMP_INFO_T (ENTITY_EMP_ID,ENTITY_ID,ENTITY_AFLTN_ID,EMP_REC_ID,EMP_ID,EMP_STAT_CD,EMP_TYP_CD,BASE_SLRY_AMT,PRMRY_DEPT_CD,PRMRY_IND,ACTV_IND,LAST_UPDT_DT,OBJ_ID,VER_NBR) 
VALUES ((SELECT (MAX(ID)) FROM KRIM_ENTITY_EMP_ID_S),(SELECT ENTITY_ID FROM KRIM_ENTITY_NM_T WHERE FIRST_NM = 'DALE' AND LAST_NM = 'DISNEY'),(SELECT ENTITY_AFLTN_ID FROM KRIM_ENTITY_AFLTN_T WHERE ENTITY_ID = (SELECT ENTITY_ID FROM KRIM_ENTITY_NM_T WHERE FIRST_NM = 'DALE' AND LAST_NM = 'DISNEY')),'1',(SELECT PRNCPL_NM FROM KRIM_PRNCPL_T WHERE ENTITY_ID = (SELECT ENTITY_ID FROM KRIM_ENTITY_NM_T WHERE FIRST_NM = 'DALE' AND LAST_NM = 'DISNEY')),'A','P',100000,'000001','Y','Y',NOW(),UUID(),1)
/

INSERT INTO KRIM_ENTITY_PHONE_ID_S VALUES(NULL)
/
INSERT INTO KRIM_ENTITY_PHONE_T (ENTITY_PHONE_ID,ENTITY_ID,ENT_TYP_CD,PHONE_TYP_CD,PHONE_NBR,POSTAL_CNTRY_CD,DFLT_IND,ACTV_IND,LAST_UPDT_DT,OBJ_ID,VER_NBR) 
VALUES ((SELECT (MAX(ID)) FROM KRIM_ENTITY_PHONE_ID_S),(SELECT ENTITY_ID FROM KRIM_ENTITY_NM_T WHERE FIRST_NM = 'DALE' AND LAST_NM = 'DISNEY'),'PERSON','WRK','970-321-1197','US','Y','Y',NOW(),UUID(),1)
/


INSERT INTO KRIM_ENTITY_ID_S VALUES(NULL)
/
INSERT INTO KRIM_ENTITY_T (ENTITY_ID,ACTV_IND,LAST_UPDT_DT,OBJ_ID,VER_NBR) 
VALUES ((SELECT (MAX(ID)) FROM KRIM_ENTITY_ID_S),'Y',NOW(),UUID(),1)
/

INSERT INTO KRIM_ENTITY_NM_ID_S VALUES(NULL)
/
INSERT INTO KRIM_ENTITY_NM_T (ENTITY_NM_ID,ENTITY_ID,FIRST_NM,LAST_NM, MIDDLE_NM, NM_TYP_CD,DFLT_IND,ACTV_IND,LAST_UPDT_DT,OBJ_ID,VER_NBR) 
VALUES ((SELECT (MAX(ID)) FROM KRIM_ENTITY_NM_ID_S),(SELECT (MAX(ID)) FROM KRIM_ENTITY_ID_S),'VERNA','WORK','N','PRFR','Y','Y',NOW(),UUID(),1)
/

INSERT INTO KRIM_ENTITY_ENT_TYP_T (ENTITY_ID,ENT_TYP_CD,ACTV_IND,LAST_UPDT_DT,OBJ_ID,VER_NBR) 
    VALUES ((SELECT ENTITY_ID FROM KRIM_ENTITY_NM_T WHERE FIRST_NM = 'VERNA' AND LAST_NM = 'WORK'),'PERSON','Y',NOW(),UUID(),1)
/

INSERT INTO KRIM_PRNCPL_T (PRNCPL_ID,ENTITY_ID,PRNCPL_NM,PRNCPL_PSWD,ACTV_IND,LAST_UPDT_DT,OBJ_ID,VER_NBR) 
    VALUES ('5035908682',(SELECT ENTITY_ID FROM KRIM_ENTITY_NM_T WHERE FIRST_NM = 'VERNA' AND LAST_NM = 'WORK'),'vwork','fK69ATFsAydwQuteang+xMva+Tc=','Y',NOW(),UUID(),1)
/

INSERT INTO KRIM_ENTITY_ADDR_ID_S VALUES(NULL)
/
INSERT INTO KRIM_ENTITY_ADDR_T (ENTITY_ADDR_ID,ENTITY_ID,ENT_TYP_CD,ADDR_TYP_CD,ADDR_LINE_1,CITY,STATE_PVC_CD,POSTAL_CD,POSTAL_CNTRY_CD,DFLT_IND,ACTV_IND,LAST_UPDT_DT,OBJ_ID,VER_NBR) 
VALUES ((SELECT (MAX(ID)) FROM KRIM_ENTITY_ADDR_ID_S),(SELECT ENTITY_ID FROM KRIM_ENTITY_NM_T WHERE FIRST_NM = 'VERNA' AND LAST_NM = 'WORK'),'PERSON','WRK','2010 Research Drive','Fort Collins','CO','80523','US','Y','Y',NOW(),UUID(),1)
/

INSERT INTO KRIM_ENTITY_AFLTN_ID_S VALUES(NULL)
/
INSERT INTO KRIM_ENTITY_AFLTN_T (ENTITY_AFLTN_ID,ENTITY_ID,AFLTN_TYP_CD,CAMPUS_CD,DFLT_IND,ACTV_IND,LAST_UPDT_DT,OBJ_ID,VER_NBR)
VALUES ((SELECT (MAX(ID)) FROM KRIM_ENTITY_AFLTN_ID_S),(SELECT ENTITY_ID FROM KRIM_ENTITY_NM_T WHERE FIRST_NM = 'VERNA' AND LAST_NM = 'WORK'),'STAFF','UN','Y','Y',NOW(),UUID(),1)
/

INSERT INTO KRIM_ENTITY_EMAIL_ID_S VALUES(NULL)
/

INSERT INTO KRIM_ENTITY_EMAIL_ID_S VALUES(NULL)
/
INSERT INTO KRIM_ENTITY_EMAIL_T (ENTITY_EMAIL_ID,ENTITY_ID,ENT_TYP_CD,EMAIL_TYP_CD,EMAIL_ADDR,DFLT_IND,ACTV_IND,LAST_UPDT_DT,OBJ_ID,VER_NBR) 
VALUES ((SELECT (MAX(ID)) FROM KRIM_ENTITY_EMAIL_ID_S),(SELECT ENTITY_ID FROM KRIM_ENTITY_NM_T WHERE FIRST_NM = 'VERNA' AND LAST_NM = 'WORK'),'PERSON','WRK','vwork@kuali.org','Y','Y',NOW(),UUID(),1)
/

INSERT INTO KRIM_ENTITY_EMP_ID_S VALUES(NULL)
/
INSERT INTO KRIM_ENTITY_EMP_INFO_T (ENTITY_EMP_ID,ENTITY_ID,ENTITY_AFLTN_ID,EMP_REC_ID,EMP_ID,EMP_STAT_CD,EMP_TYP_CD,BASE_SLRY_AMT,PRMRY_DEPT_CD,PRMRY_IND,ACTV_IND,LAST_UPDT_DT,OBJ_ID,VER_NBR) 
VALUES ((SELECT (MAX(ID)) FROM KRIM_ENTITY_EMP_ID_S),(SELECT ENTITY_ID FROM KRIM_ENTITY_NM_T WHERE FIRST_NM = 'VERNA' AND LAST_NM = 'WORK'),(SELECT ENTITY_AFLTN_ID FROM KRIM_ENTITY_AFLTN_T WHERE ENTITY_ID = (SELECT ENTITY_ID FROM KRIM_ENTITY_NM_T WHERE FIRST_NM = 'VERNA' AND LAST_NM = 'WORK')),'1',(SELECT PRNCPL_NM FROM KRIM_PRNCPL_T WHERE ENTITY_ID = (SELECT ENTITY_ID FROM KRIM_ENTITY_NM_T WHERE FIRST_NM = 'VERNA' AND LAST_NM = 'WORK')),'A','P',100000,'000001','Y','Y',NOW(),UUID(),1)
/

INSERT INTO KRIM_ENTITY_PHONE_ID_S VALUES(NULL)
/
INSERT INTO KRIM_ENTITY_PHONE_T (ENTITY_PHONE_ID,ENTITY_ID,ENT_TYP_CD,PHONE_TYP_CD,PHONE_NBR,POSTAL_CNTRY_CD,DFLT_IND,ACTV_IND,LAST_UPDT_DT,OBJ_ID,VER_NBR) 
VALUES ((SELECT (MAX(ID)) FROM KRIM_ENTITY_PHONE_ID_S),(SELECT ENTITY_ID FROM KRIM_ENTITY_NM_T WHERE FIRST_NM = 'VERNA' AND LAST_NM = 'WORK'),'PERSON','WRK','970-321-1197','US','Y','Y',NOW(),UUID(),1)
/

INSERT INTO KRIM_ENTITY_ID_S VALUES(NULL)
/
INSERT INTO KRIM_ENTITY_T (ENTITY_ID,ACTV_IND,LAST_UPDT_DT,OBJ_ID,VER_NBR) 
VALUES ((SELECT (MAX(ID)) FROM KRIM_ENTITY_ID_S),'Y',NOW(),UUID(),1)
/

INSERT INTO KRIM_ENTITY_NM_ID_S VALUES(NULL)
/
INSERT INTO KRIM_ENTITY_NM_T (ENTITY_NM_ID,ENTITY_ID,FIRST_NM,LAST_NM, MIDDLE_NM, NM_TYP_CD,DFLT_IND,ACTV_IND,LAST_UPDT_DT,OBJ_ID,VER_NBR) 
VALUES ((SELECT (MAX(ID)) FROM KRIM_ENTITY_NM_ID_S),(SELECT (MAX(ID)) FROM KRIM_ENTITY_ID_S),'RENE','KEPHART','M','PRFR','Y','Y',NOW(),UUID(),1)
/

INSERT INTO KRIM_ENTITY_ENT_TYP_T (ENTITY_ID,ENT_TYP_CD,ACTV_IND,LAST_UPDT_DT,OBJ_ID,VER_NBR) 
    VALUES ((SELECT ENTITY_ID FROM KRIM_ENTITY_NM_T WHERE FIRST_NM = 'RENE' AND LAST_NM = 'KEPHART'),'PERSON','Y',NOW(),UUID(),1)
/

INSERT INTO KRIM_PRNCPL_T (PRNCPL_ID,ENTITY_ID,PRNCPL_NM,PRNCPL_PSWD,ACTV_IND,LAST_UPDT_DT,OBJ_ID,VER_NBR) 
    VALUES ('2329509434',(SELECT ENTITY_ID FROM KRIM_ENTITY_NM_T WHERE FIRST_NM = 'RENE' AND LAST_NM = 'KEPHART'),'rkephart','fK69ATFsAydwQuteang+xMva+Tc=','Y',NOW(),UUID(),1)
/

INSERT INTO KRIM_ENTITY_ADDR_ID_S VALUES(NULL)
/
INSERT INTO KRIM_ENTITY_ADDR_T (ENTITY_ADDR_ID,ENTITY_ID,ENT_TYP_CD,ADDR_TYP_CD,ADDR_LINE_1,CITY,STATE_PVC_CD,POSTAL_CD,POSTAL_CNTRY_CD,DFLT_IND,ACTV_IND,LAST_UPDT_DT,OBJ_ID,VER_NBR) 
VALUES ((SELECT (MAX(ID)) FROM KRIM_ENTITY_ADDR_ID_S),(SELECT ENTITY_ID FROM KRIM_ENTITY_NM_T WHERE FIRST_NM = 'RENE' AND LAST_NM = 'KEPHART'),'PERSON','WRK','2010 Research Drive','Fort Collins','CO','80523','US','Y','Y',NOW(),UUID(),1)
/

INSERT INTO KRIM_ENTITY_AFLTN_ID_S VALUES(NULL)
/
INSERT INTO KRIM_ENTITY_AFLTN_T (ENTITY_AFLTN_ID,ENTITY_ID,AFLTN_TYP_CD,CAMPUS_CD,DFLT_IND,ACTV_IND,LAST_UPDT_DT,OBJ_ID,VER_NBR)
VALUES ((SELECT (MAX(ID)) FROM KRIM_ENTITY_AFLTN_ID_S),(SELECT ENTITY_ID FROM KRIM_ENTITY_NM_T WHERE FIRST_NM = 'RENE' AND LAST_NM = 'KEPHART'),'STAFF','UN','Y','Y',NOW(),UUID(),1)
/

INSERT INTO KRIM_ENTITY_EMAIL_ID_S VALUES(NULL)
/

INSERT INTO KRIM_ENTITY_EMAIL_ID_S VALUES(NULL)
/
INSERT INTO KRIM_ENTITY_EMAIL_T (ENTITY_EMAIL_ID,ENTITY_ID,ENT_TYP_CD,EMAIL_TYP_CD,EMAIL_ADDR,DFLT_IND,ACTV_IND,LAST_UPDT_DT,OBJ_ID,VER_NBR) 
VALUES ((SELECT (MAX(ID)) FROM KRIM_ENTITY_EMAIL_ID_S),(SELECT ENTITY_ID FROM KRIM_ENTITY_NM_T WHERE FIRST_NM = 'RENE' AND LAST_NM = 'KEPHART'),'PERSON','WRK','rkephart@kuali.org','Y','Y',NOW(),UUID(),1)
/

INSERT INTO KRIM_ENTITY_EMP_ID_S VALUES(NULL)
/
INSERT INTO KRIM_ENTITY_EMP_INFO_T (ENTITY_EMP_ID,ENTITY_ID,ENTITY_AFLTN_ID,EMP_REC_ID,EMP_ID,EMP_STAT_CD,EMP_TYP_CD,BASE_SLRY_AMT,PRMRY_DEPT_CD,PRMRY_IND,ACTV_IND,LAST_UPDT_DT,OBJ_ID,VER_NBR) 
VALUES ((SELECT (MAX(ID)) FROM KRIM_ENTITY_EMP_ID_S),(SELECT ENTITY_ID FROM KRIM_ENTITY_NM_T WHERE FIRST_NM = 'RENE' AND LAST_NM = 'KEPHART'),(SELECT ENTITY_AFLTN_ID FROM KRIM_ENTITY_AFLTN_T WHERE ENTITY_ID = (SELECT ENTITY_ID FROM KRIM_ENTITY_NM_T WHERE FIRST_NM = 'RENE' AND LAST_NM = 'KEPHART')),'1',(SELECT PRNCPL_NM FROM KRIM_PRNCPL_T WHERE ENTITY_ID = (SELECT ENTITY_ID FROM KRIM_ENTITY_NM_T WHERE FIRST_NM = 'RENE' AND LAST_NM = 'KEPHART')),'A','P',100000,'000001','Y','Y',NOW(),UUID(),1)
/

INSERT INTO KRIM_ENTITY_PHONE_ID_S VALUES(NULL)
/
INSERT INTO KRIM_ENTITY_PHONE_T (ENTITY_PHONE_ID,ENTITY_ID,ENT_TYP_CD,PHONE_TYP_CD,PHONE_NBR,POSTAL_CNTRY_CD,DFLT_IND,ACTV_IND,LAST_UPDT_DT,OBJ_ID,VER_NBR) 
VALUES ((SELECT (MAX(ID)) FROM KRIM_ENTITY_PHONE_ID_S),(SELECT ENTITY_ID FROM KRIM_ENTITY_NM_T WHERE FIRST_NM = 'RENE' AND LAST_NM = 'KEPHART'),'PERSON','WRK','970-321-1197','US','Y','Y',NOW(),UUID(),1)
/

INSERT INTO KRIM_ENTITY_ID_S VALUES(NULL)
/
INSERT INTO KRIM_ENTITY_T (ENTITY_ID,ACTV_IND,LAST_UPDT_DT,OBJ_ID,VER_NBR) 
VALUES ((SELECT (MAX(ID)) FROM KRIM_ENTITY_ID_S),'Y',NOW(),UUID(),1)
/

INSERT INTO KRIM_ENTITY_NM_ID_S VALUES(NULL)
/
INSERT INTO KRIM_ENTITY_NM_T (ENTITY_NM_ID,ENTITY_ID,FIRST_NM,LAST_NM, MIDDLE_NM, NM_TYP_CD,DFLT_IND,ACTV_IND,LAST_UPDT_DT,OBJ_ID,VER_NBR) 
VALUES ((SELECT (MAX(ID)) FROM KRIM_ENTITY_NM_ID_S),(SELECT (MAX(ID)) FROM KRIM_ENTITY_ID_S),'ADAM','EGAN','C','PRFR','Y','Y',NOW(),UUID(),1)
/

INSERT INTO KRIM_ENTITY_ENT_TYP_T (ENTITY_ID,ENT_TYP_CD,ACTV_IND,LAST_UPDT_DT,OBJ_ID,VER_NBR) 
    VALUES ((SELECT ENTITY_ID FROM KRIM_ENTITY_NM_T WHERE FIRST_NM = 'ADAM' AND LAST_NM = 'EGAN'),'PERSON','Y',NOW(),UUID(),1)
/

INSERT INTO KRIM_PRNCPL_T (PRNCPL_ID,ENTITY_ID,PRNCPL_NM,PRNCPL_PSWD,ACTV_IND,LAST_UPDT_DT,OBJ_ID,VER_NBR) 
    VALUES ('1306901621',(SELECT ENTITY_ID FROM KRIM_ENTITY_NM_T WHERE FIRST_NM = 'ADAM' AND LAST_NM = 'EGAN'),'aegan','fK69ATFsAydwQuteang+xMva+Tc=','Y',NOW(),UUID(),1)
/

INSERT INTO KRIM_ENTITY_ADDR_ID_S VALUES(NULL)
/
INSERT INTO KRIM_ENTITY_ADDR_T (ENTITY_ADDR_ID,ENTITY_ID,ENT_TYP_CD,ADDR_TYP_CD,ADDR_LINE_1,CITY,STATE_PVC_CD,POSTAL_CD,POSTAL_CNTRY_CD,DFLT_IND,ACTV_IND,LAST_UPDT_DT,OBJ_ID,VER_NBR) 
VALUES ((SELECT (MAX(ID)) FROM KRIM_ENTITY_ADDR_ID_S),(SELECT ENTITY_ID FROM KRIM_ENTITY_NM_T WHERE FIRST_NM = 'ADAM' AND LAST_NM = 'EGAN'),'PERSON','WRK','2010 Research Drive','Fort Collins','CO','80523','US','Y','Y',NOW(),UUID(),1)
/

INSERT INTO KRIM_ENTITY_AFLTN_ID_S VALUES(NULL)
/
INSERT INTO KRIM_ENTITY_AFLTN_T (ENTITY_AFLTN_ID,ENTITY_ID,AFLTN_TYP_CD,CAMPUS_CD,DFLT_IND,ACTV_IND,LAST_UPDT_DT,OBJ_ID,VER_NBR)
VALUES ((SELECT (MAX(ID)) FROM KRIM_ENTITY_AFLTN_ID_S),(SELECT ENTITY_ID FROM KRIM_ENTITY_NM_T WHERE FIRST_NM = 'ADAM' AND LAST_NM = 'EGAN'),'STAFF','UN','Y','Y',NOW(),UUID(),1)
/

INSERT INTO KRIM_ENTITY_EMAIL_ID_S VALUES(NULL)
/

INSERT INTO KRIM_ENTITY_EMAIL_ID_S VALUES(NULL)
/
INSERT INTO KRIM_ENTITY_EMAIL_T (ENTITY_EMAIL_ID,ENTITY_ID,ENT_TYP_CD,EMAIL_TYP_CD,EMAIL_ADDR,DFLT_IND,ACTV_IND,LAST_UPDT_DT,OBJ_ID,VER_NBR) 
VALUES ((SELECT (MAX(ID)) FROM KRIM_ENTITY_EMAIL_ID_S),(SELECT ENTITY_ID FROM KRIM_ENTITY_NM_T WHERE FIRST_NM = 'ADAM' AND LAST_NM = 'EGAN'),'PERSON','WRK','aegan@kuali.org','Y','Y',NOW(),UUID(),1)
/

INSERT INTO KRIM_ENTITY_EMP_ID_S VALUES(NULL)
/
INSERT INTO KRIM_ENTITY_EMP_INFO_T (ENTITY_EMP_ID,ENTITY_ID,ENTITY_AFLTN_ID,EMP_REC_ID,EMP_ID,EMP_STAT_CD,EMP_TYP_CD,BASE_SLRY_AMT,PRMRY_DEPT_CD,PRMRY_IND,ACTV_IND,LAST_UPDT_DT,OBJ_ID,VER_NBR) 
VALUES ((SELECT (MAX(ID)) FROM KRIM_ENTITY_EMP_ID_S),(SELECT ENTITY_ID FROM KRIM_ENTITY_NM_T WHERE FIRST_NM = 'ADAM' AND LAST_NM = 'EGAN'),(SELECT ENTITY_AFLTN_ID FROM KRIM_ENTITY_AFLTN_T WHERE ENTITY_ID = (SELECT ENTITY_ID FROM KRIM_ENTITY_NM_T WHERE FIRST_NM = 'ADAM' AND LAST_NM = 'EGAN')),'1',(SELECT PRNCPL_NM FROM KRIM_PRNCPL_T WHERE ENTITY_ID = (SELECT ENTITY_ID FROM KRIM_ENTITY_NM_T WHERE FIRST_NM = 'ADAM' AND LAST_NM = 'EGAN')),'A','P',100000,'000001','Y','Y',NOW(),UUID(),1)
/

INSERT INTO KRIM_ENTITY_PHONE_ID_S VALUES(NULL)
/
INSERT INTO KRIM_ENTITY_PHONE_T (ENTITY_PHONE_ID,ENTITY_ID,ENT_TYP_CD,PHONE_TYP_CD,PHONE_NBR,POSTAL_CNTRY_CD,DFLT_IND,ACTV_IND,LAST_UPDT_DT,OBJ_ID,VER_NBR) 
VALUES ((SELECT (MAX(ID)) FROM KRIM_ENTITY_PHONE_ID_S),(SELECT ENTITY_ID FROM KRIM_ENTITY_NM_T WHERE FIRST_NM = 'ADAM' AND LAST_NM = 'EGAN'),'PERSON','WRK','970-321-1197','US','Y','Y',NOW(),UUID(),1)
/


INSERT INTO KRIM_ENTITY_ID_S VALUES(NULL)
/
INSERT INTO KRIM_ENTITY_T (ENTITY_ID,ACTV_IND,LAST_UPDT_DT,OBJ_ID,VER_NBR) 
VALUES ((SELECT (MAX(ID)) FROM KRIM_ENTITY_ID_S),'Y',NOW(),UUID(),1)
/

INSERT INTO KRIM_ENTITY_NM_ID_S VALUES(NULL)
/
INSERT INTO KRIM_ENTITY_NM_T (ENTITY_NM_ID,ENTITY_ID,FIRST_NM,LAST_NM, MIDDLE_NM, NM_TYP_CD,DFLT_IND,ACTV_IND,LAST_UPDT_DT,OBJ_ID,VER_NBR) 
VALUES ((SELECT (MAX(ID)) FROM KRIM_ENTITY_NM_ID_S),(SELECT (MAX(ID)) FROM KRIM_ENTITY_ID_S),'ADELINE','LEGER','K','PRFR','Y','Y',NOW(),UUID(),1)
/

INSERT INTO KRIM_ENTITY_ENT_TYP_T (ENTITY_ID,ENT_TYP_CD,ACTV_IND,LAST_UPDT_DT,OBJ_ID,VER_NBR) 
    VALUES ((SELECT ENTITY_ID FROM KRIM_ENTITY_NM_T WHERE FIRST_NM = 'ADELINE' AND LAST_NM = 'LEGER'),'PERSON','Y',NOW(),UUID(),1)
/

INSERT INTO KRIM_PRNCPL_T (PRNCPL_ID,ENTITY_ID,PRNCPL_NM,PRNCPL_PSWD,ACTV_IND,LAST_UPDT_DT,OBJ_ID,VER_NBR) 
    VALUES ('4763403483',(SELECT ENTITY_ID FROM KRIM_ENTITY_NM_T WHERE FIRST_NM = 'ADELINE' AND LAST_NM = 'LEGER'),'aleger','fK69ATFsAydwQuteang+xMva+Tc=','Y',NOW(),UUID(),1)
/

INSERT INTO KRIM_ENTITY_ADDR_ID_S VALUES(NULL)
/
INSERT INTO KRIM_ENTITY_ADDR_T (ENTITY_ADDR_ID,ENTITY_ID,ENT_TYP_CD,ADDR_TYP_CD,ADDR_LINE_1,CITY,STATE_PVC_CD,POSTAL_CD,POSTAL_CNTRY_CD,DFLT_IND,ACTV_IND,LAST_UPDT_DT,OBJ_ID,VER_NBR) 
VALUES ((SELECT (MAX(ID)) FROM KRIM_ENTITY_ADDR_ID_S),(SELECT ENTITY_ID FROM KRIM_ENTITY_NM_T WHERE FIRST_NM = 'ADELINE' AND LAST_NM = 'LEGER'),'PERSON','WRK','2010 Research Drive','Fort Collins','CO','80523','US','Y','Y',NOW(),UUID(),1)
/

INSERT INTO KRIM_ENTITY_AFLTN_ID_S VALUES(NULL)
/
INSERT INTO KRIM_ENTITY_AFLTN_T (ENTITY_AFLTN_ID,ENTITY_ID,AFLTN_TYP_CD,CAMPUS_CD,DFLT_IND,ACTV_IND,LAST_UPDT_DT,OBJ_ID,VER_NBR)
VALUES ((SELECT (MAX(ID)) FROM KRIM_ENTITY_AFLTN_ID_S),(SELECT ENTITY_ID FROM KRIM_ENTITY_NM_T WHERE FIRST_NM = 'ADELINE' AND LAST_NM = 'LEGER'),'STAFF','UN','Y','Y',NOW(),UUID(),1)
/

INSERT INTO KRIM_ENTITY_EMAIL_ID_S VALUES(NULL)
/

INSERT INTO KRIM_ENTITY_EMAIL_ID_S VALUES(NULL)
/
INSERT INTO KRIM_ENTITY_EMAIL_T (ENTITY_EMAIL_ID,ENTITY_ID,ENT_TYP_CD,EMAIL_TYP_CD,EMAIL_ADDR,DFLT_IND,ACTV_IND,LAST_UPDT_DT,OBJ_ID,VER_NBR) 
VALUES ((SELECT (MAX(ID)) FROM KRIM_ENTITY_EMAIL_ID_S),(SELECT ENTITY_ID FROM KRIM_ENTITY_NM_T WHERE FIRST_NM = 'ADELINE' AND LAST_NM = 'LEGER'),'PERSON','WRK','aleger@kuali.org','Y','Y',NOW(),UUID(),1)
/

INSERT INTO KRIM_ENTITY_EMP_ID_S VALUES(NULL)
/
INSERT INTO KRIM_ENTITY_EMP_INFO_T (ENTITY_EMP_ID,ENTITY_ID,ENTITY_AFLTN_ID,EMP_REC_ID,EMP_ID,EMP_STAT_CD,EMP_TYP_CD,BASE_SLRY_AMT,PRMRY_DEPT_CD,PRMRY_IND,ACTV_IND,LAST_UPDT_DT,OBJ_ID,VER_NBR) 
VALUES ((SELECT (MAX(ID)) FROM KRIM_ENTITY_EMP_ID_S),(SELECT ENTITY_ID FROM KRIM_ENTITY_NM_T WHERE FIRST_NM = 'ADELINE' AND LAST_NM = 'LEGER'),(SELECT ENTITY_AFLTN_ID FROM KRIM_ENTITY_AFLTN_T WHERE ENTITY_ID = (SELECT ENTITY_ID FROM KRIM_ENTITY_NM_T WHERE FIRST_NM = 'ADELINE' AND LAST_NM = 'LEGER')),'1',(SELECT PRNCPL_NM FROM KRIM_PRNCPL_T WHERE ENTITY_ID = (SELECT ENTITY_ID FROM KRIM_ENTITY_NM_T WHERE FIRST_NM = 'ADELINE' AND LAST_NM = 'LEGER')),'A','P',100000,'000001','Y','Y',NOW(),UUID(),1)
/

INSERT INTO KRIM_ENTITY_PHONE_ID_S VALUES(NULL)
/
INSERT INTO KRIM_ENTITY_PHONE_T (ENTITY_PHONE_ID,ENTITY_ID,ENT_TYP_CD,PHONE_TYP_CD,PHONE_NBR,POSTAL_CNTRY_CD,DFLT_IND,ACTV_IND,LAST_UPDT_DT,OBJ_ID,VER_NBR) 
VALUES ((SELECT (MAX(ID)) FROM KRIM_ENTITY_PHONE_ID_S),(SELECT ENTITY_ID FROM KRIM_ENTITY_NM_T WHERE FIRST_NM = 'ADELINE' AND LAST_NM = 'LEGER'),'PERSON','WRK','970-321-1197','US','Y','Y',NOW(),UUID(),1)
/


INSERT INTO KRIM_ENTITY_ID_S VALUES(NULL)
/
INSERT INTO KRIM_ENTITY_T (ENTITY_ID,ACTV_IND,LAST_UPDT_DT,OBJ_ID,VER_NBR) 
VALUES ((SELECT (MAX(ID)) FROM KRIM_ENTITY_ID_S),'Y',NOW(),UUID(),1)
/

INSERT INTO KRIM_ENTITY_NM_ID_S VALUES(NULL)
/
INSERT INTO KRIM_ENTITY_NM_T (ENTITY_NM_ID,ENTITY_ID,FIRST_NM,LAST_NM, MIDDLE_NM, NM_TYP_CD,DFLT_IND,ACTV_IND,LAST_UPDT_DT,OBJ_ID,VER_NBR) 
VALUES ((SELECT (MAX(ID)) FROM KRIM_ENTITY_NM_ID_S),(SELECT (MAX(ID)) FROM KRIM_ENTITY_ID_S),'BOBBY','BORJA','B','PRFR','Y','Y',NOW(),UUID(),1)
/

INSERT INTO KRIM_ENTITY_ENT_TYP_T (ENTITY_ID,ENT_TYP_CD,ACTV_IND,LAST_UPDT_DT,OBJ_ID,VER_NBR) 
    VALUES ((SELECT ENTITY_ID FROM KRIM_ENTITY_NM_T WHERE FIRST_NM = 'BOBBY' AND LAST_NM = 'BORJA'),'PERSON','Y',NOW(),UUID(),1)
/

INSERT INTO KRIM_PRNCPL_T (PRNCPL_ID,ENTITY_ID,PRNCPL_NM,PRNCPL_PSWD,ACTV_IND,LAST_UPDT_DT,OBJ_ID,VER_NBR) 
    VALUES ('1208309261',(SELECT ENTITY_ID FROM KRIM_ENTITY_NM_T WHERE FIRST_NM = 'BOBBY' AND LAST_NM = 'BORJA'),'bborja','fK69ATFsAydwQuteang+xMva+Tc=','Y',NOW(),UUID(),1)
/

INSERT INTO KRIM_ENTITY_ADDR_ID_S VALUES(NULL)
/
INSERT INTO KRIM_ENTITY_ADDR_T (ENTITY_ADDR_ID,ENTITY_ID,ENT_TYP_CD,ADDR_TYP_CD,ADDR_LINE_1,CITY,STATE_PVC_CD,POSTAL_CD,POSTAL_CNTRY_CD,DFLT_IND,ACTV_IND,LAST_UPDT_DT,OBJ_ID,VER_NBR) 
VALUES ((SELECT (MAX(ID)) FROM KRIM_ENTITY_ADDR_ID_S),(SELECT ENTITY_ID FROM KRIM_ENTITY_NM_T WHERE FIRST_NM = 'BOBBY' AND LAST_NM = 'BORJA'),'PERSON','WRK','2010 Research Drive','Fort Collins','CO','80523','US','Y','Y',NOW(),UUID(),1)
/

INSERT INTO KRIM_ENTITY_AFLTN_ID_S VALUES(NULL)
/
INSERT INTO KRIM_ENTITY_AFLTN_T (ENTITY_AFLTN_ID,ENTITY_ID,AFLTN_TYP_CD,CAMPUS_CD,DFLT_IND,ACTV_IND,LAST_UPDT_DT,OBJ_ID,VER_NBR)
VALUES ((SELECT (MAX(ID)) FROM KRIM_ENTITY_AFLTN_ID_S),(SELECT ENTITY_ID FROM KRIM_ENTITY_NM_T WHERE FIRST_NM = 'BOBBY' AND LAST_NM = 'BORJA'),'STAFF','UN','Y','Y',NOW(),UUID(),1)
/

INSERT INTO KRIM_ENTITY_EMAIL_ID_S VALUES(NULL)
/

INSERT INTO KRIM_ENTITY_EMAIL_ID_S VALUES(NULL)
/
INSERT INTO KRIM_ENTITY_EMAIL_T (ENTITY_EMAIL_ID,ENTITY_ID,ENT_TYP_CD,EMAIL_TYP_CD,EMAIL_ADDR,DFLT_IND,ACTV_IND,LAST_UPDT_DT,OBJ_ID,VER_NBR) 
VALUES ((SELECT (MAX(ID)) FROM KRIM_ENTITY_EMAIL_ID_S),(SELECT ENTITY_ID FROM KRIM_ENTITY_NM_T WHERE FIRST_NM = 'BOBBY' AND LAST_NM = 'BORJA'),'PERSON','WRK','bborja@kuali.org','Y','Y',NOW(),UUID(),1)
/

INSERT INTO KRIM_ENTITY_EMP_ID_S VALUES(NULL)
/
INSERT INTO KRIM_ENTITY_EMP_INFO_T (ENTITY_EMP_ID,ENTITY_ID,ENTITY_AFLTN_ID,EMP_REC_ID,EMP_ID,EMP_STAT_CD,EMP_TYP_CD,BASE_SLRY_AMT,PRMRY_DEPT_CD,PRMRY_IND,ACTV_IND,LAST_UPDT_DT,OBJ_ID,VER_NBR) 
VALUES ((SELECT (MAX(ID)) FROM KRIM_ENTITY_EMP_ID_S),(SELECT ENTITY_ID FROM KRIM_ENTITY_NM_T WHERE FIRST_NM = 'BOBBY' AND LAST_NM = 'BORJA'),(SELECT ENTITY_AFLTN_ID FROM KRIM_ENTITY_AFLTN_T WHERE ENTITY_ID = (SELECT ENTITY_ID FROM KRIM_ENTITY_NM_T WHERE FIRST_NM = 'BOBBY' AND LAST_NM = 'BORJA')),'1',(SELECT PRNCPL_NM FROM KRIM_PRNCPL_T WHERE ENTITY_ID = (SELECT ENTITY_ID FROM KRIM_ENTITY_NM_T WHERE FIRST_NM = 'BOBBY' AND LAST_NM = 'BORJA')),'A','P',100000,'000001','Y','Y',NOW(),UUID(),1)
/

INSERT INTO KRIM_ENTITY_PHONE_ID_S VALUES(NULL)
/
INSERT INTO KRIM_ENTITY_PHONE_T (ENTITY_PHONE_ID,ENTITY_ID,ENT_TYP_CD,PHONE_TYP_CD,PHONE_NBR,POSTAL_CNTRY_CD,DFLT_IND,ACTV_IND,LAST_UPDT_DT,OBJ_ID,VER_NBR) 
VALUES ((SELECT (MAX(ID)) FROM KRIM_ENTITY_PHONE_ID_S),(SELECT ENTITY_ID FROM KRIM_ENTITY_NM_T WHERE FIRST_NM = 'BOBBY' AND LAST_NM = 'BORJA'),'PERSON','WRK','970-321-1197','US','Y','Y',NOW(),UUID(),1)
/


INSERT INTO KRIM_ENTITY_ID_S VALUES(NULL)
/
INSERT INTO KRIM_ENTITY_T (ENTITY_ID,ACTV_IND,LAST_UPDT_DT,OBJ_ID,VER_NBR) 
VALUES ((SELECT (MAX(ID)) FROM KRIM_ENTITY_ID_S),'Y',NOW(),UUID(),1)
/

INSERT INTO KRIM_ENTITY_NM_ID_S VALUES(NULL)
/
INSERT INTO KRIM_ENTITY_NM_T (ENTITY_NM_ID,ENTITY_ID,FIRST_NM,LAST_NM, MIDDLE_NM, NM_TYP_CD,DFLT_IND,ACTV_IND,LAST_UPDT_DT,OBJ_ID,VER_NBR) 
VALUES ((SELECT (MAX(ID)) FROM KRIM_ENTITY_NM_ID_S),(SELECT (MAX(ID)) FROM KRIM_ENTITY_ID_S),'LILLIAN','MCCAFFREY','C','PRFR','Y','Y',NOW(),UUID(),1)
/

INSERT INTO KRIM_ENTITY_ENT_TYP_T (ENTITY_ID,ENT_TYP_CD,ACTV_IND,LAST_UPDT_DT,OBJ_ID,VER_NBR) 
    VALUES ((SELECT ENTITY_ID FROM KRIM_ENTITY_NM_T WHERE FIRST_NM = 'LILLIAN' AND LAST_NM = 'MCCAFFREY'),'PERSON','Y',NOW(),UUID(),1)
/

INSERT INTO KRIM_PRNCPL_T (PRNCPL_ID,ENTITY_ID,PRNCPL_NM,PRNCPL_PSWD,ACTV_IND,LAST_UPDT_DT,OBJ_ID,VER_NBR) 
    VALUES ('3909803874',(SELECT ENTITY_ID FROM KRIM_ENTITY_NM_T WHERE FIRST_NM = 'LILLIAN' AND LAST_NM = 'MCCAFFREY'),'lmccaffrey','fK69ATFsAydwQuteang+xMva+Tc=','Y',NOW(),UUID(),1)
/

INSERT INTO KRIM_ENTITY_ADDR_ID_S VALUES(NULL)
/
INSERT INTO KRIM_ENTITY_ADDR_T (ENTITY_ADDR_ID,ENTITY_ID,ENT_TYP_CD,ADDR_TYP_CD,ADDR_LINE_1,CITY,STATE_PVC_CD,POSTAL_CD,POSTAL_CNTRY_CD,DFLT_IND,ACTV_IND,LAST_UPDT_DT,OBJ_ID,VER_NBR) 
VALUES ((SELECT (MAX(ID)) FROM KRIM_ENTITY_ADDR_ID_S),(SELECT ENTITY_ID FROM KRIM_ENTITY_NM_T WHERE FIRST_NM = 'LILLIAN' AND LAST_NM = 'MCCAFFREY'),'PERSON','WRK','2010 Research Drive','Fort Collins','CO','80523','US','Y','Y',NOW(),UUID(),1)
/

INSERT INTO KRIM_ENTITY_AFLTN_ID_S VALUES(NULL)
/
INSERT INTO KRIM_ENTITY_AFLTN_T (ENTITY_AFLTN_ID,ENTITY_ID,AFLTN_TYP_CD,CAMPUS_CD,DFLT_IND,ACTV_IND,LAST_UPDT_DT,OBJ_ID,VER_NBR)
VALUES ((SELECT (MAX(ID)) FROM KRIM_ENTITY_AFLTN_ID_S),(SELECT ENTITY_ID FROM KRIM_ENTITY_NM_T WHERE FIRST_NM = 'LILLIAN' AND LAST_NM = 'MCCAFFREY'),'STAFF','UN','Y','Y',NOW(),UUID(),1)
/

INSERT INTO KRIM_ENTITY_EMAIL_ID_S VALUES(NULL)
/

INSERT INTO KRIM_ENTITY_EMAIL_ID_S VALUES(NULL)
/
INSERT INTO KRIM_ENTITY_EMAIL_T (ENTITY_EMAIL_ID,ENTITY_ID,ENT_TYP_CD,EMAIL_TYP_CD,EMAIL_ADDR,DFLT_IND,ACTV_IND,LAST_UPDT_DT,OBJ_ID,VER_NBR) 
VALUES ((SELECT (MAX(ID)) FROM KRIM_ENTITY_EMAIL_ID_S),(SELECT ENTITY_ID FROM KRIM_ENTITY_NM_T WHERE FIRST_NM = 'LILLIAN' AND LAST_NM = 'MCCAFFREY'),'PERSON','WRK','lmccaffrey@kuali.org','Y','Y',NOW(),UUID(),1)
/

INSERT INTO KRIM_ENTITY_EMP_ID_S VALUES(NULL)
/
INSERT INTO KRIM_ENTITY_EMP_INFO_T (ENTITY_EMP_ID,ENTITY_ID,ENTITY_AFLTN_ID,EMP_REC_ID,EMP_ID,EMP_STAT_CD,EMP_TYP_CD,BASE_SLRY_AMT,PRMRY_DEPT_CD,PRMRY_IND,ACTV_IND,LAST_UPDT_DT,OBJ_ID,VER_NBR) 
VALUES ((SELECT (MAX(ID)) FROM KRIM_ENTITY_EMP_ID_S),(SELECT ENTITY_ID FROM KRIM_ENTITY_NM_T WHERE FIRST_NM = 'LILLIAN' AND LAST_NM = 'MCCAFFREY'),(SELECT ENTITY_AFLTN_ID FROM KRIM_ENTITY_AFLTN_T WHERE ENTITY_ID = (SELECT ENTITY_ID FROM KRIM_ENTITY_NM_T WHERE FIRST_NM = 'LILLIAN' AND LAST_NM = 'MCCAFFREY')),'1',(SELECT PRNCPL_NM FROM KRIM_PRNCPL_T WHERE ENTITY_ID = (SELECT ENTITY_ID FROM KRIM_ENTITY_NM_T WHERE FIRST_NM = 'LILLIAN' AND LAST_NM = 'MCCAFFREY')),'A','P',100000,'000001','Y','Y',NOW(),UUID(),1)
/

INSERT INTO KRIM_ENTITY_PHONE_ID_S VALUES(NULL)
/
INSERT INTO KRIM_ENTITY_PHONE_T (ENTITY_PHONE_ID,ENTITY_ID,ENT_TYP_CD,PHONE_TYP_CD,PHONE_NBR,POSTAL_CNTRY_CD,DFLT_IND,ACTV_IND,LAST_UPDT_DT,OBJ_ID,VER_NBR) 
VALUES ((SELECT (MAX(ID)) FROM KRIM_ENTITY_PHONE_ID_S),(SELECT ENTITY_ID FROM KRIM_ENTITY_NM_T WHERE FIRST_NM = 'LILLIAN' AND LAST_NM = 'MCCAFFREY'),'PERSON','WRK','970-321-1197','US','Y','Y',NOW(),UUID(),1)
/

INSERT INTO KRIM_ENTITY_ID_S VALUES(NULL)
/
INSERT INTO KRIM_ENTITY_T (ENTITY_ID,ACTV_IND,LAST_UPDT_DT,OBJ_ID,VER_NBR) 
VALUES ((SELECT (MAX(ID)) FROM KRIM_ENTITY_ID_S),'Y',NOW(),UUID(),1)
/

INSERT INTO KRIM_ENTITY_NM_ID_S VALUES(NULL)
/
INSERT INTO KRIM_ENTITY_NM_T (ENTITY_NM_ID,ENTITY_ID,FIRST_NM,LAST_NM, MIDDLE_NM, NM_TYP_CD,DFLT_IND,ACTV_IND,LAST_UPDT_DT,OBJ_ID,VER_NBR) 
VALUES ((SELECT (MAX(ID)) FROM KRIM_ENTITY_NM_ID_S),(SELECT (MAX(ID)) FROM KRIM_ENTITY_ID_S),'ANTONE','BAYS','O','PRFR','Y','Y',NOW(),UUID(),1)
/

INSERT INTO KRIM_ENTITY_ENT_TYP_T (ENTITY_ID,ENT_TYP_CD,ACTV_IND,LAST_UPDT_DT,OBJ_ID,VER_NBR) 
    VALUES ((SELECT ENTITY_ID FROM KRIM_ENTITY_NM_T WHERE FIRST_NM = 'ANTONE' AND LAST_NM = 'BAYS'),'PERSON','Y',NOW(),UUID(),1)
/

INSERT INTO KRIM_PRNCPL_T (PRNCPL_ID,ENTITY_ID,PRNCPL_NM,PRNCPL_PSWD,ACTV_IND,LAST_UPDT_DT,OBJ_ID,VER_NBR) 
    VALUES ('2599004561',(SELECT ENTITY_ID FROM KRIM_ENTITY_NM_T WHERE FIRST_NM = 'ANTONE' AND LAST_NM = 'BAYS'),'abays','fK69ATFsAydwQuteang+xMva+Tc=','Y',NOW(),UUID(),1)
/

INSERT INTO KRIM_ENTITY_ADDR_ID_S VALUES(NULL)
/
INSERT INTO KRIM_ENTITY_ADDR_T (ENTITY_ADDR_ID,ENTITY_ID,ENT_TYP_CD,ADDR_TYP_CD,ADDR_LINE_1,CITY,STATE_PVC_CD,POSTAL_CD,POSTAL_CNTRY_CD,DFLT_IND,ACTV_IND,LAST_UPDT_DT,OBJ_ID,VER_NBR) 
VALUES ((SELECT (MAX(ID)) FROM KRIM_ENTITY_ADDR_ID_S),(SELECT ENTITY_ID FROM KRIM_ENTITY_NM_T WHERE FIRST_NM = 'ANTONE' AND LAST_NM = 'BAYS'),'PERSON','WRK','2010 Research Drive','Fort Collins','CO','80523','US','Y','Y',NOW(),UUID(),1)
/

INSERT INTO KRIM_ENTITY_AFLTN_ID_S VALUES(NULL)
/
INSERT INTO KRIM_ENTITY_AFLTN_T (ENTITY_AFLTN_ID,ENTITY_ID,AFLTN_TYP_CD,CAMPUS_CD,DFLT_IND,ACTV_IND,LAST_UPDT_DT,OBJ_ID,VER_NBR)
VALUES ((SELECT (MAX(ID)) FROM KRIM_ENTITY_AFLTN_ID_S),(SELECT ENTITY_ID FROM KRIM_ENTITY_NM_T WHERE FIRST_NM = 'ANTONE' AND LAST_NM = 'BAYS'),'STAFF','UN','Y','Y',NOW(),UUID(),1)
/

INSERT INTO KRIM_ENTITY_EMAIL_ID_S VALUES(NULL)
/

INSERT INTO KRIM_ENTITY_EMAIL_ID_S VALUES(NULL)
/
INSERT INTO KRIM_ENTITY_EMAIL_T (ENTITY_EMAIL_ID,ENTITY_ID,ENT_TYP_CD,EMAIL_TYP_CD,EMAIL_ADDR,DFLT_IND,ACTV_IND,LAST_UPDT_DT,OBJ_ID,VER_NBR) 
VALUES ((SELECT (MAX(ID)) FROM KRIM_ENTITY_EMAIL_ID_S),(SELECT ENTITY_ID FROM KRIM_ENTITY_NM_T WHERE FIRST_NM = 'ANTONE' AND LAST_NM = 'BAYS'),'PERSON','WRK','abays@kuali.org','Y','Y',NOW(),UUID(),1)
/

INSERT INTO KRIM_ENTITY_EMP_ID_S VALUES(NULL)
/
INSERT INTO KRIM_ENTITY_EMP_INFO_T (ENTITY_EMP_ID,ENTITY_ID,ENTITY_AFLTN_ID,EMP_REC_ID,EMP_ID,EMP_STAT_CD,EMP_TYP_CD,BASE_SLRY_AMT,PRMRY_DEPT_CD,PRMRY_IND,ACTV_IND,LAST_UPDT_DT,OBJ_ID,VER_NBR) 
VALUES ((SELECT (MAX(ID)) FROM KRIM_ENTITY_EMP_ID_S),(SELECT ENTITY_ID FROM KRIM_ENTITY_NM_T WHERE FIRST_NM = 'ANTONE' AND LAST_NM = 'BAYS'),(SELECT ENTITY_AFLTN_ID FROM KRIM_ENTITY_AFLTN_T WHERE ENTITY_ID = (SELECT ENTITY_ID FROM KRIM_ENTITY_NM_T WHERE FIRST_NM = 'ANTONE' AND LAST_NM = 'BAYS')),'1',(SELECT PRNCPL_NM FROM KRIM_PRNCPL_T WHERE ENTITY_ID = (SELECT ENTITY_ID FROM KRIM_ENTITY_NM_T WHERE FIRST_NM = 'ANTONE' AND LAST_NM = 'BAYS')),'A','P',100000,'000001','Y','Y',NOW(),UUID(),1)
/

INSERT INTO KRIM_ENTITY_PHONE_ID_S VALUES(NULL)
/
INSERT INTO KRIM_ENTITY_PHONE_T (ENTITY_PHONE_ID,ENTITY_ID,ENT_TYP_CD,PHONE_TYP_CD,PHONE_NBR,POSTAL_CNTRY_CD,DFLT_IND,ACTV_IND,LAST_UPDT_DT,OBJ_ID,VER_NBR) 
VALUES ((SELECT (MAX(ID)) FROM KRIM_ENTITY_PHONE_ID_S),(SELECT ENTITY_ID FROM KRIM_ENTITY_NM_T WHERE FIRST_NM = 'ANTONE' AND LAST_NM = 'BAYS'),'PERSON','WRK','970-321-1197','US','Y','Y',NOW(),UUID(),1)
/
INSERT INTO KRIM_ENTITY_ID_S VALUES(NULL)
/
INSERT INTO KRIM_ENTITY_T (ENTITY_ID,ACTV_IND,LAST_UPDT_DT,OBJ_ID,VER_NBR) 
VALUES ((SELECT (MAX(ID)) FROM KRIM_ENTITY_ID_S),'Y',NOW(),UUID(),1)
/

INSERT INTO KRIM_ENTITY_NM_ID_S VALUES(NULL)
/
INSERT INTO KRIM_ENTITY_NM_T (ENTITY_NM_ID,ENTITY_ID,FIRST_NM,LAST_NM, MIDDLE_NM, NM_TYP_CD,DFLT_IND,ACTV_IND,LAST_UPDT_DT,OBJ_ID,VER_NBR) 
VALUES ((SELECT (MAX(ID)) FROM KRIM_ENTITY_NM_ID_S),(SELECT (MAX(ID)) FROM KRIM_ENTITY_ID_S),'GENE','BILLY','P','PRFR','Y','Y',NOW(),UUID(),1)
/

INSERT INTO KRIM_ENTITY_ENT_TYP_T (ENTITY_ID,ENT_TYP_CD,ACTV_IND,LAST_UPDT_DT,OBJ_ID,VER_NBR) 
    VALUES ((SELECT ENTITY_ID FROM KRIM_ENTITY_NM_T WHERE FIRST_NM = 'GENE' AND LAST_NM = 'BILLY'),'PERSON','Y',NOW(),UUID(),1)
/

INSERT INTO KRIM_PRNCPL_T (PRNCPL_ID,ENTITY_ID,PRNCPL_NM,PRNCPL_PSWD,ACTV_IND,LAST_UPDT_DT,OBJ_ID,VER_NBR) 
    VALUES ('2620008671',(SELECT ENTITY_ID FROM KRIM_ENTITY_NM_T WHERE FIRST_NM = 'GENE' AND LAST_NM = 'BILLY'),'gbilly','fK69ATFsAydwQuteang+xMva+Tc=','Y',NOW(),UUID(),1)
/

INSERT INTO KRIM_ENTITY_ADDR_ID_S VALUES(NULL)
/
INSERT INTO KRIM_ENTITY_ADDR_T (ENTITY_ADDR_ID,ENTITY_ID,ENT_TYP_CD,ADDR_TYP_CD,ADDR_LINE_1,CITY,STATE_PVC_CD,POSTAL_CD,POSTAL_CNTRY_CD,DFLT_IND,ACTV_IND,LAST_UPDT_DT,OBJ_ID,VER_NBR) 
VALUES ((SELECT (MAX(ID)) FROM KRIM_ENTITY_ADDR_ID_S),(SELECT ENTITY_ID FROM KRIM_ENTITY_NM_T WHERE FIRST_NM = 'GENE' AND LAST_NM = 'BILLY'),'PERSON','WRK','2010 Research Drive','Fort Collins','CO','80523','US','Y','Y',NOW(),UUID(),1)
/

INSERT INTO KRIM_ENTITY_AFLTN_ID_S VALUES(NULL)
/
INSERT INTO KRIM_ENTITY_AFLTN_T (ENTITY_AFLTN_ID,ENTITY_ID,AFLTN_TYP_CD,CAMPUS_CD,DFLT_IND,ACTV_IND,LAST_UPDT_DT,OBJ_ID,VER_NBR)
VALUES ((SELECT (MAX(ID)) FROM KRIM_ENTITY_AFLTN_ID_S),(SELECT ENTITY_ID FROM KRIM_ENTITY_NM_T WHERE FIRST_NM = 'GENE' AND LAST_NM = 'BILLY'),'STAFF','UN','Y','Y',NOW(),UUID(),1)
/

INSERT INTO KRIM_ENTITY_EMAIL_ID_S VALUES(NULL)
/

INSERT INTO KRIM_ENTITY_EMAIL_ID_S VALUES(NULL)
/
INSERT INTO KRIM_ENTITY_EMAIL_T (ENTITY_EMAIL_ID,ENTITY_ID,ENT_TYP_CD,EMAIL_TYP_CD,EMAIL_ADDR,DFLT_IND,ACTV_IND,LAST_UPDT_DT,OBJ_ID,VER_NBR) 
VALUES ((SELECT (MAX(ID)) FROM KRIM_ENTITY_EMAIL_ID_S),(SELECT ENTITY_ID FROM KRIM_ENTITY_NM_T WHERE FIRST_NM = 'GENE' AND LAST_NM = 'BILLY'),'PERSON','WRK','gbilly@kuali.org','Y','Y',NOW(),UUID(),1)
/

INSERT INTO KRIM_ENTITY_EMP_ID_S VALUES(NULL)
/
INSERT INTO KRIM_ENTITY_EMP_INFO_T (ENTITY_EMP_ID,ENTITY_ID,ENTITY_AFLTN_ID,EMP_REC_ID,EMP_ID,EMP_STAT_CD,EMP_TYP_CD,BASE_SLRY_AMT,PRMRY_DEPT_CD,PRMRY_IND,ACTV_IND,LAST_UPDT_DT,OBJ_ID,VER_NBR) 
VALUES ((SELECT (MAX(ID)) FROM KRIM_ENTITY_EMP_ID_S),(SELECT ENTITY_ID FROM KRIM_ENTITY_NM_T WHERE FIRST_NM = 'GENE' AND LAST_NM = 'BILLY'),(SELECT ENTITY_AFLTN_ID FROM KRIM_ENTITY_AFLTN_T WHERE ENTITY_ID = (SELECT ENTITY_ID FROM KRIM_ENTITY_NM_T WHERE FIRST_NM = 'GENE' AND LAST_NM = 'BILLY')),'1',(SELECT PRNCPL_NM FROM KRIM_PRNCPL_T WHERE ENTITY_ID = (SELECT ENTITY_ID FROM KRIM_ENTITY_NM_T WHERE FIRST_NM = 'GENE' AND LAST_NM = 'BILLY')),'A','P',100000,'000001','Y','Y',NOW(),UUID(),1)
/

INSERT INTO KRIM_ENTITY_PHONE_ID_S VALUES(NULL)
/
INSERT INTO KRIM_ENTITY_PHONE_T (ENTITY_PHONE_ID,ENTITY_ID,ENT_TYP_CD,PHONE_TYP_CD,PHONE_NBR,POSTAL_CNTRY_CD,DFLT_IND,ACTV_IND,LAST_UPDT_DT,OBJ_ID,VER_NBR) 
VALUES ((SELECT (MAX(ID)) FROM KRIM_ENTITY_PHONE_ID_S),(SELECT ENTITY_ID FROM KRIM_ENTITY_NM_T WHERE FIRST_NM = 'GENE' AND LAST_NM = 'BILLY'),'PERSON','WRK','970-321-1197','US','Y','Y',NOW(),UUID(),1)
/

INSERT INTO KRIM_ENTITY_ID_S VALUES(NULL)
/
INSERT INTO KRIM_ENTITY_T (ENTITY_ID,ACTV_IND,LAST_UPDT_DT,OBJ_ID,VER_NBR) 
VALUES ((SELECT (MAX(ID)) FROM KRIM_ENTITY_ID_S),'Y',NOW(),UUID(),1)
/

INSERT INTO KRIM_ENTITY_NM_ID_S VALUES(NULL)
/
INSERT INTO KRIM_ENTITY_NM_T (ENTITY_NM_ID,ENTITY_ID,FIRST_NM,LAST_NM,MIDDLE_NM, NM_TYP_CD,DFLT_IND,ACTV_IND,LAST_UPDT_DT,OBJ_ID,VER_NBR) 
VALUES ((SELECT (MAX(ID)) FROM KRIM_ENTITY_NM_ID_S),(SELECT (MAX(ID)) FROM KRIM_ENTITY_ID_S),'ROBERTA','RENFRO','O','PRFR','Y','Y',NOW(),UUID(),1)
/

INSERT INTO KRIM_ENTITY_ENT_TYP_T (ENTITY_ID,ENT_TYP_CD,ACTV_IND,LAST_UPDT_DT,OBJ_ID,VER_NBR) 
    VALUES ((SELECT ENTITY_ID FROM KRIM_ENTITY_NM_T WHERE FIRST_NM = 'ROBERTA' AND LAST_NM = 'RENFRO'),'PERSON','Y',NOW(),UUID(),1)
/

INSERT INTO KRIM_PRNCPL_T (PRNCPL_ID,ENTITY_ID,PRNCPL_NM,PRNCPL_PSWD,ACTV_IND,LAST_UPDT_DT,OBJ_ID,VER_NBR) 
    VALUES ('4318506633',(SELECT ENTITY_ID FROM KRIM_ENTITY_NM_T WHERE FIRST_NM = 'ROBERTA' AND LAST_NM = 'RENFRO'),'rorenfro','fK69ATFsAydwQuteang+xMva+Tc=','Y',NOW(),UUID(),1)
/

INSERT INTO KRIM_ENTITY_ADDR_ID_S VALUES(NULL)
/
INSERT INTO KRIM_ENTITY_ADDR_T (ENTITY_ADDR_ID,ENTITY_ID,ENT_TYP_CD,ADDR_TYP_CD,ADDR_LINE_1,CITY,STATE_PVC_CD,POSTAL_CD,POSTAL_CNTRY_CD,DFLT_IND,ACTV_IND,LAST_UPDT_DT,OBJ_ID,VER_NBR) 
VALUES ((SELECT (MAX(ID)) FROM KRIM_ENTITY_ADDR_ID_S),(SELECT ENTITY_ID FROM KRIM_ENTITY_NM_T WHERE FIRST_NM = 'ROBERTA' AND LAST_NM = 'RENFRO'),'PERSON','WRK','1118 Kuali Drive','Coeus','MA','53421','US','Y','Y',NOW(),UUID(),1)
/

INSERT INTO KRIM_ENTITY_AFLTN_ID_S VALUES(NULL)
/
INSERT INTO KRIM_ENTITY_AFLTN_T (ENTITY_AFLTN_ID,ENTITY_ID,AFLTN_TYP_CD,CAMPUS_CD,DFLT_IND,ACTV_IND,LAST_UPDT_DT,OBJ_ID,VER_NBR)
VALUES ((SELECT (MAX(ID)) FROM KRIM_ENTITY_AFLTN_ID_S),(SELECT ENTITY_ID FROM KRIM_ENTITY_NM_T WHERE FIRST_NM = 'ROBERTA' AND LAST_NM = 'RENFRO'),'STAFF','UN','Y','Y',NOW(),UUID(),1)
/

INSERT INTO KRIM_ENTITY_EMAIL_ID_S VALUES(NULL)
/

INSERT INTO KRIM_ENTITY_EMAIL_ID_S VALUES(NULL)
/
INSERT INTO KRIM_ENTITY_EMAIL_T (ENTITY_EMAIL_ID,ENTITY_ID,ENT_TYP_CD,EMAIL_TYP_CD,EMAIL_ADDR,DFLT_IND,ACTV_IND,LAST_UPDT_DT,OBJ_ID,VER_NBR) 
VALUES ((SELECT (MAX(ID)) FROM KRIM_ENTITY_EMAIL_ID_S),(SELECT ENTITY_ID FROM KRIM_ENTITY_NM_T WHERE FIRST_NM = 'ROBERTA' AND LAST_NM = 'RENFRO'),'PERSON','WRK','rorenfro@kuali.org','Y','Y',NOW(),UUID(),1)
/

INSERT INTO KRIM_ENTITY_EMP_ID_S VALUES(NULL)
/
INSERT INTO KRIM_ENTITY_EMP_INFO_T (ENTITY_EMP_ID,ENTITY_ID,ENTITY_AFLTN_ID,EMP_REC_ID,EMP_ID,EMP_STAT_CD,EMP_TYP_CD,BASE_SLRY_AMT,PRMRY_DEPT_CD,PRMRY_IND,ACTV_IND,LAST_UPDT_DT,OBJ_ID,VER_NBR) 
VALUES ((SELECT (MAX(ID)) FROM KRIM_ENTITY_EMP_ID_S),(SELECT ENTITY_ID FROM KRIM_ENTITY_NM_T WHERE FIRST_NM = 'ROBERTA' AND LAST_NM = 'RENFRO'),(SELECT ENTITY_AFLTN_ID FROM KRIM_ENTITY_AFLTN_T WHERE ENTITY_ID = (SELECT ENTITY_ID FROM KRIM_ENTITY_NM_T WHERE FIRST_NM = 'ROBERTA' AND LAST_NM = 'RENFRO')),'1',(SELECT PRNCPL_NM FROM KRIM_PRNCPL_T WHERE ENTITY_ID = (SELECT ENTITY_ID FROM KRIM_ENTITY_NM_T WHERE FIRST_NM = 'ROBERTA' AND LAST_NM = 'RENFRO')),'A','P',100000,'000001','Y','Y',NOW(),UUID(),1)
/

INSERT INTO KRIM_ENTITY_PHONE_ID_S VALUES(NULL)
/
INSERT INTO KRIM_ENTITY_PHONE_T (ENTITY_PHONE_ID,ENTITY_ID,ENT_TYP_CD,PHONE_TYP_CD,PHONE_NBR,POSTAL_CNTRY_CD,DFLT_IND,ACTV_IND,LAST_UPDT_DT,OBJ_ID,VER_NBR) 
VALUES ((SELECT (MAX(ID)) FROM KRIM_ENTITY_PHONE_ID_S),(SELECT ENTITY_ID FROM KRIM_ENTITY_NM_T WHERE FIRST_NM = 'ROBERTA' AND LAST_NM = 'RENFRO'),'PERSON','WRK','321-321-1197','US','Y','Y',NOW(),UUID(),1)
/


INSERT INTO KRIM_ENTITY_ID_S VALUES(NULL)
/
INSERT INTO KRIM_ENTITY_T (ENTITY_ID,ACTV_IND,LAST_UPDT_DT,OBJ_ID,VER_NBR) 
VALUES ((SELECT (MAX(ID)) FROM KRIM_ENTITY_ID_S),'Y',NOW(),UUID(),1)
/

INSERT INTO KRIM_ENTITY_NM_ID_S VALUES(NULL)
/
INSERT INTO KRIM_ENTITY_NM_T (ENTITY_NM_ID,ENTITY_ID,FIRST_NM,LAST_NM, MIDDLE_NM, NM_TYP_CD,DFLT_IND,ACTV_IND,LAST_UPDT_DT,OBJ_ID,VER_NBR) 
VALUES ((SELECT (MAX(ID)) FROM KRIM_ENTITY_NM_ID_S),(SELECT (MAX(ID)) FROM KRIM_ENTITY_ID_S),'FRANCINE','LY','B','PRFR','Y','Y',NOW(),UUID(),1)
/

INSERT INTO KRIM_ENTITY_ENT_TYP_T (ENTITY_ID,ENT_TYP_CD,ACTV_IND,LAST_UPDT_DT,OBJ_ID,VER_NBR) 
    VALUES ((SELECT ENTITY_ID FROM KRIM_ENTITY_NM_T WHERE FIRST_NM = 'FRANCINE' AND LAST_NM = 'LY'),'PERSON','Y',NOW(),UUID(),1)
/

INSERT INTO KRIM_PRNCPL_T (PRNCPL_ID,ENTITY_ID,PRNCPL_NM,PRNCPL_PSWD,ACTV_IND,LAST_UPDT_DT,OBJ_ID,VER_NBR) 
    VALUES ('3851402102',(SELECT ENTITY_ID FROM KRIM_ENTITY_NM_T WHERE FIRST_NM = 'FRANCINE' AND LAST_NM = 'LY'),'frly','fK69ATFsAydwQuteang+xMva+Tc=','Y',NOW(),UUID(),1)
/

INSERT INTO KRIM_ENTITY_ADDR_ID_S VALUES(NULL)
/
INSERT INTO KRIM_ENTITY_ADDR_T (ENTITY_ADDR_ID,ENTITY_ID,ENT_TYP_CD,ADDR_TYP_CD,ADDR_LINE_1,CITY,STATE_PVC_CD,POSTAL_CD,POSTAL_CNTRY_CD,DFLT_IND,ACTV_IND,LAST_UPDT_DT,OBJ_ID,VER_NBR) 
VALUES ((SELECT (MAX(ID)) FROM KRIM_ENTITY_ADDR_ID_S),(SELECT ENTITY_ID FROM KRIM_ENTITY_NM_T WHERE FIRST_NM = 'FRANCINE' AND LAST_NM = 'LY'),'PERSON','WRK','2010 Research Drive','Fort Collins','CO','80523','US','Y','Y',NOW(),UUID(),1)
/

INSERT INTO KRIM_ENTITY_AFLTN_ID_S VALUES(NULL)
/
INSERT INTO KRIM_ENTITY_AFLTN_T (ENTITY_AFLTN_ID,ENTITY_ID,AFLTN_TYP_CD,CAMPUS_CD,DFLT_IND,ACTV_IND,LAST_UPDT_DT,OBJ_ID,VER_NBR)
VALUES ((SELECT (MAX(ID)) FROM KRIM_ENTITY_AFLTN_ID_S),(SELECT ENTITY_ID FROM KRIM_ENTITY_NM_T WHERE FIRST_NM = 'FRANCINE' AND LAST_NM = 'LY'),'STAFF','UN','Y','Y',NOW(),UUID(),1)
/

INSERT INTO KRIM_ENTITY_EMAIL_ID_S VALUES(NULL)
/

INSERT INTO KRIM_ENTITY_EMAIL_ID_S VALUES(NULL)
/
INSERT INTO KRIM_ENTITY_EMAIL_T (ENTITY_EMAIL_ID,ENTITY_ID,ENT_TYP_CD,EMAIL_TYP_CD,EMAIL_ADDR,DFLT_IND,ACTV_IND,LAST_UPDT_DT,OBJ_ID,VER_NBR) 
VALUES ((SELECT (MAX(ID)) FROM KRIM_ENTITY_EMAIL_ID_S),(SELECT ENTITY_ID FROM KRIM_ENTITY_NM_T WHERE FIRST_NM = 'FRANCINE' AND LAST_NM = 'LY'),'PERSON','WRK','frly@kuali.org','Y','Y',NOW(),UUID(),1)
/

INSERT INTO KRIM_ENTITY_EMP_ID_S VALUES(NULL)
/
INSERT INTO KRIM_ENTITY_EMP_INFO_T (ENTITY_EMP_ID,ENTITY_ID,ENTITY_AFLTN_ID,EMP_REC_ID,EMP_ID,EMP_STAT_CD,EMP_TYP_CD,BASE_SLRY_AMT,PRMRY_DEPT_CD,PRMRY_IND,ACTV_IND,LAST_UPDT_DT,OBJ_ID,VER_NBR) 
VALUES ((SELECT (MAX(ID)) FROM KRIM_ENTITY_EMP_ID_S),(SELECT ENTITY_ID FROM KRIM_ENTITY_NM_T WHERE FIRST_NM = 'FRANCINE' AND LAST_NM = 'LY'),(SELECT ENTITY_AFLTN_ID FROM KRIM_ENTITY_AFLTN_T WHERE ENTITY_ID = (SELECT ENTITY_ID FROM KRIM_ENTITY_NM_T WHERE FIRST_NM = 'FRANCINE' AND LAST_NM = 'LY')),'1',(SELECT PRNCPL_NM FROM KRIM_PRNCPL_T WHERE ENTITY_ID = (SELECT ENTITY_ID FROM KRIM_ENTITY_NM_T WHERE FIRST_NM = 'FRANCINE' AND LAST_NM = 'LY')),'A','P',100000,'000001','Y','Y',NOW(),UUID(),1)
/

INSERT INTO KRIM_ENTITY_PHONE_ID_S VALUES(NULL)
/
INSERT INTO KRIM_ENTITY_PHONE_T (ENTITY_PHONE_ID,ENTITY_ID,ENT_TYP_CD,PHONE_TYP_CD,PHONE_NBR,POSTAL_CNTRY_CD,DFLT_IND,ACTV_IND,LAST_UPDT_DT,OBJ_ID,VER_NBR) 
VALUES ((SELECT (MAX(ID)) FROM KRIM_ENTITY_PHONE_ID_S),(SELECT ENTITY_ID FROM KRIM_ENTITY_NM_T WHERE FIRST_NM = 'FRANCINE' AND LAST_NM = 'LY'),'PERSON','WRK','970-321-1197','US','Y','Y',NOW(),UUID(),1)
/

DELIMITER ;


